72;072 - ULB SOLBOSCH / VUB  SOLBOSCH(FERMÉE-TRAVAUX);FERMÉE-TRAVAUX STIB - ULB SOLBOSCH / VUB SOLBOSCH - AV. F.ROOSEVELT/F.ROOSEVELTLAAN 19;50.812489, 4.379203;True;True;CLOSED;Bruxelles-Capitale;27;2;0;2018-03-07T23:27:44+01:00
207;207 - BIESTEBROECK / BIESTEBROEK;BIESTEBROECK / BIESTEBROEK - CHEE DE MONS (FACE AU 518-526) / BERGENSESTEENWEG (TEGENOVER 518-526);50.833424, 4.313378;True;False;OPEN;Bruxelles-Capitale;25;6;19;2018-04-29T14:32:22+02:00
297;297 - TEN REUKEN;TEN REUKEN - BD DU SOUVERAIN FACE 76;50.804455, 4.426369;True;False;OPEN;Bruxelles-Capitale;25;6;19;2018-04-29T14:32:32+02:00
298;298 - HALL DES SPORTS;HALL DES SPORTS - AV DES 9 PROVINCES / 9 PROVINCIES LAAN / RUE VANDERVEKEN/STRAAT;50.877037, 4.300847;False;False;OPEN;Bruxelles-Capitale;25;15;10;2018-04-29T14:32:20+02:00
96;096 - HOTEL PRESIDENT/PRESIDENT HOTEL;HOTEL PRESIDENT/PRESIDENT HOTEL - BOULEVARD DU ROI ALBERT II/KONING ALBERT-II LAAN;50.863875, 4.358708;True;False;OPEN;Bruxelles-Capitale;25;10;15;2018-04-29T14:32:11+02:00
113;113 - ABBAYE DE LA CAMBRE / ABDIJ TER KAMEREN;ABBAYE DE LA CAMBRE/ABDIJ TER KAMEREN - AVENUE EMILE DURAY (FACE AU N° 2) /EMILE DURAYLAAN (TEGENOVER N° 2);50.820042, 4.374785;True;False;OPEN;Bruxelles-Capitale;20;7;13;2018-04-29T14:32:56+02:00
235;235 - FOREST NATIONAL / VORST NATIONAAL;FOREST NATIONAL / VORST NATIONAAL - AV VICTOR ROUSSEAU DVT FOREST NATIONAL / VICTOR ROUSSEAU LAAN VOOR VORST NATIONAAL;50.810085, 4.324864;True;False;OPEN;Bruxelles-Capitale;25;6;17;2018-04-29T14:33:02+02:00
36;036 - PLACE ST JEAN / SINT-JANSPLEIN;PLACE ST JEAN/SINT-JANSPLEIN - RUE DU LOMBARD/LOMBARDSTRAAT 42;50.845124, 4.351486;True;False;OPEN;Bruxelles-Capitale;35;22;13;2018-04-29T14:32:34+02:00
240;240 - VANDERKINDERE;VANDERKINDERE - AVENUE ALBERT/ALBERTLAAN N° 272;50.81418, 4.347721;True;True;OPEN;Bruxelles-Capitale;23;23;0;2018-04-29T14:32:33+02:00
281;281 - ATOMIUM;ATOMIUM - BOULEVARD DU CENTENAIRE / EEUWFEESTLAAN;50.895485, 4.341311;True;False;OPEN;Bruxelles-Capitale;25;22;3;2018-04-29T14:33:15+02:00
228;228 - ALTITUDE CENT / HOOGTE HONDERD;ALTITUDE CENT / HOOGTE HONDERD - PLACE DE L'ALTITUDE 100 (FACE 31) / HOOGTE HONDERDPLEIN (TEGENOVER 31);50.816525, 4.336212;True;True;OPEN;Bruxelles-Capitale;25;10;12;2018-04-29T14:33:22+02:00
253;253 - REINE FABIOLA / KONINGIN FABIOLA;REINE FABIOLA / KONINGIN FABIOLA - AV PIETER GODEFROY / PIETER GODEFROYLAAN;50.872475, 4.314266;True;False;OPEN;Bruxelles-Capitale;25;9;16;2018-04-29T14:32:58+02:00
245;245 - HAMOIR;CHEE DE WATERLOO/WATERLOOSESTEENWEG 1050;50.798988, 4.375581;True;False;OPEN;Bruxelles-Capitale;25;16;9;2018-04-29T14:33:21+02:00
333;333 - TRACTEBEL;TRACTEBEL - AV MARCEL THIRY FACE AU N°93;50.856582, 4.430988;True;False;OPEN;Bruxelles-Capitale;25;17;8;2018-04-29T14:37:58+02:00
95;095 - PLACE BOCKSTAEL/BOCKSTAELPLAATS;PLACE BOCKSTAEL/BOCKSTAELPLAATS - BLD EMILE BOCKSTAEL/EMILE BOCKSTAELLAAN 254;50.87808, 4.34793;True;False;OPEN;Bruxelles-Capitale;25;7;18;2018-04-29T14:37:53+02:00
256;256 - VAN OVERBEKE;VAN OVERBEKE / AV VAN OVERBEKE / VAN OVERBEKELAAN;50.874767, 4.308977;False;False;OPEN;Bruxelles-Capitale;24;11;13;2018-04-29T14:37:39+02:00
224;224 - ROCHEFORT;ROCHEFORT - AV. WIELEMANS CEUPPENS LAAN 184-190;50.824352, 4.334465;True;False;OPEN;Bruxelles-Capitale;25;0;24;2018-04-29T14:37:58+02:00
16;016 - LOUISE / LOUIZA;LOUISE/LOUIZA - PLACE LOUISE/LOUIZAPLEIN 53;50.835968, 4.355508;True;True;OPEN;Bruxelles-Capitale;40;14;26;2018-04-29T14:37:49+02:00
2;002 - ELOY/ELOY;ELOY - RUE ELOY / ELOYSTRAAT;50.836151, 4.326019;True;False;OPEN;Bruxelles-Capitale;25;11;13;2018-04-29T14:38:04+02:00
305;305 - PETER BENOIT;PETER BENOIT - PLACE PETER BENOIT PLAATS 2-4;50.895592, 4.387965;True;False;OPEN;Bruxelles-Capitale;25;7;18;2018-04-29T14:37:48+02:00
98;098 - CIMETIERE/KERKHOF;CIMETIERE/KERKHOF - BLD METTEWIE/METTEWIELAAN 40 INTERSECTION CHAUSSÉE DE GAND/GENTSESTEENWEEG;50.85904, 4.312402;True;False;OPEN;Bruxelles-Capitale;20;2;18;2018-04-29T14:38:27+02:00
166;166 - GC ESSEGEM;GC ESSEGEM - RUE AMELIE GOMAND 51- 45;50.876205, 4.337137;True;False;OPEN;Bruxelles-Capitale;25;19;6;2018-04-29T14:38:01+02:00
39;039 - HOTEL DES MONNAIES / MUNTHOTEL;HOTEL DES MONNAIES/MUNTHOTEL - BLD DE WATERLOO- WATERLOOLAAN 93/94/95/96/98;50.834237, 4.350732;False;False;OPEN;Bruxelles-Capitale;25;2;22;2018-04-29T14:36:45+02:00
88;088 - WOESTE;WOESTE - AVENUE NOTRE DAME DE LOURDES / ONZE-LIEVE-VROUW VAN LOURDESLAAN;50.873354, 4.334311;False;False;OPEN;Bruxelles-Capitale;25;12;13;2018-04-29T14:36:32+02:00
258;258 - LIBERTE (FERMÉE - TRAVAUX DE VOIRIE);FERMÉE - TRAVAUX DE VOIRIE - LIBERTE - AV DE LA LIBERTE, 44 / VRIJHEIDSLAAN,44;50.862152, 4.323353;True;True;CLOSED;Bruxelles-Capitale;16;0;0;2018-04-29T14:37:20+02:00
193;193 - GARE DE L'OUEST;GARE DE L'OUEST - CHEE DE NINOVE 207,209 / NINOOFSESTEENWEG 207,209;50.848866, 4.320628;True;False;OPEN;Bruxelles-Capitale;30;22;8;2018-04-29T14:37:31+02:00
233;233 - PARC DUDEN / DUDEN PARK;PARC DUDEN / DUDEN PARK - AV VICTOR ROUSSEAU FACE 132 / VICTOR ROUSSEAULAAN VOOR 132;50.813858, 4.330992;False;True;OPEN;Bruxelles-Capitale;20;13;7;2018-04-29T14:36:44+02:00
141;141 - GARE DU NORD/NOORDSTATION;GARE DU NORD/NOORDSTATION - PLACE SIMON BOLIVAR/ SIMON BOLIVARLAAN;50.860652, 4.358116;True;False;OPEN;Bruxelles-Capitale;42;24;18;2018-04-29T14:36:37+02:00
203;203 - DEMOSTHENE (FERMÉE);FERMÉE - DÉPLACEMENT STATION - DEMOSTHENE - BD PRINCE DE LIEGE / PRINS VAN LUIKLAAN 216-218-220;50.84045, 4.305055;False;False;CLOSED;Bruxelles-Capitale;15;0;4;2018-04-29T14:37:07+02:00
48;048 - CONGRES;CONGRES - RUE ROYALE/KONINGSSTRAAT 144-146-148;50.849358, 4.363589;True;True;OPEN;Bruxelles-Capitale;23;10;13;2018-04-29T14:37:16+02:00
327;327 - SIBELGA;SIBELGA - QUAI DES USINES / WERKHUIZENKAAI 16;50.874082, 4.362205;False;False;OPEN;Bruxelles-Capitale;20;5;15;2018-04-29T14:36:20+02:00
103;103 - ERNEST SOLVAY;ERNEST SOLVAY - RUE DE L'ARBRE BENIT/GEWIJDE BOOMSTRAAT 2-4-6;50.834792, 4.364115;True;True;OPEN;Bruxelles-Capitale;25;25;0;2018-04-29T14:36:18+02:00
30;030 - LAEKEN / LAKEN;LAEKEN/LAKEN - RUE DE LAEKEN (ENTRE N° 119 ET 109) / LAKENSESTRAAT (TUSSEN N° 119 EN 109);50.853666, 4.351771;False;False;OPEN;Bruxelles-Capitale;25;1;23;2018-04-29T14:35:59+02:00
169;169 - GEORGES EEKHOUD;GEORGES EEKHOUD - AVENUE GEORGES EEKHOUD/GEORGES EEKHOUDLAAN 56;50.877125, 4.387515;True;False;OPEN;Bruxelles-Capitale;25;8;17;2018-04-29T14:35:36+02:00
84;084 - STE ANNE/SINT-ANNA;STE ANNE/SINT-ANNA  -  RUE DE L'EGLISE STE ANNE/SINT-ANNAKERKSTRAAT 116;50.85896, 4.330107;True;False;OPEN;Bruxelles-Capitale;20;4;15;2018-04-29T14:36:00+02:00
259;259 - NOVILLE;NOVILLE - SQ NOVILLE;50.859608, 4.33409;False;False;OPEN;Bruxelles-Capitale;20;5;15;2018-04-29T14:36:07+02:00
62;062 - CORTENBERGH / KORTENBERG;CORTENBERGH / KORTENBERG - AVENUE D'AUDERGHEM 1 - 9 /OUDERGHEMLAAN 1-9;50.84177, 4.38418;True;False;OPEN;Bruxelles-Capitale;40;39;1;2018-04-29T14:35:24+02:00
275;275 - VERSAILLES;VERSAILLES - AVENUE DE VERSAILLES / VERSAILLESLAAN 125;50.896278, 4.372427;False;False;OPEN;Bruxelles-Capitale;20;3;17;2018-04-29T14:35:16+02:00
174;174 - MENNEKENS/MENNEKENS;MENNEKENS - AVENUE BRIGADE PIRON (FACE AUX 80 - 82 - 84)/ BRIGADE PIRONLAAN (TEGENOVER 80 - 82 - 84);50.853947, 4.31635;False;False;OPEN;Bruxelles-Capitale;22;10;12;2018-04-29T14:34:53+02:00
354;354 - TRIOMPHE / TRIOMF;TRIOMPHE - BD DU TRIOMPHE / TRIOMFLAAN  105 - 107;50.821557, 4.402288;True;True;OPEN;Bruxelles-Capitale;20;16;4;2018-04-29T14:35:14+02:00
69;069 - LESBROUSSART;LESBROUSSART - AVENUE LOUISE/LOUIZALAAN 192;50.827577, 4.363797;True;True;OPEN;Bruxelles-Capitale;29;23;4;2018-04-29T14:35:19+02:00
60;060 - ST-LAZARE/ST LAZARUS;ST-LAZARE/SINT-LAZARUS   -   BLD SAINT-LAZARE/SINT-LAZARUSLAAN 4 -10;50.856714, 4.362106;False;False;OPEN;Bruxelles-Capitale;25;13;12;2018-04-29T14:34:30+02:00
310;310 - SAINT-VINCENT / SINT-VINCENTIUS;SAINT VINCENT / SINT-VINCENTIUS - RUE STROOBANTS/STROOBANTSSTRAAT;50.88058, 4.401674;False;False;OPEN;Bruxelles-Capitale;20;7;13;2018-04-29T14:33:51+02:00
261;261 - CONSCIENCE;CONSCIENCE - AVENUE HENRI CONSCIENCE / HENRI CONSCIENCELAAN 83;50.86879, 4.399587;False;False;OPEN;Bruxelles-Capitale;20;12;8;2018-04-29T14:33:52+02:00
277;277 - VAN PRAET;VAN PRAET - AVENUE VAN PRAET / VAN PRAETLAAN;50.881588, 4.373817;False;False;OPEN;Bruxelles-Capitale;21;7;14;2018-04-29T14:34:21+02:00
326;326 - ADEPS;ADEPS - CHEE DE WAVRE / WAVERSESTEENWEG 2057;50.809406, 4.443777;False;False;OPEN;Bruxelles-Capitale;22;8;11;2018-04-29T14:33:51+02:00
97;097 - KARREVELD;KARREVELD - CHAUSSEE DE GAND/ GENTSESTEENWEG 1-3;50.858058, 4.318689;True;False;OPEN;Bruxelles-Capitale;25;20;5;2018-04-29T14:39:24+02:00
26;026 - VAN LINT;VAN LINT - RUE VAN LINT/ VAN LINTSTRAAT 6 - 8;50.839413, 4.328914;True;False;OPEN;Bruxelles-Capitale;23;13;10;2018-04-29T14:38:50+02:00
243;243 - RONDPOINT CHURCHILL/ROTONDE CHURCHILL;RONDPOINT CHURCHILL/ROTONDE CHURCHILL - AV MESSIDOR FACE 338/MESSIDORLAAN TEGENOVER 338;50.811752, 4.353424;True;True;OPEN;Bruxelles-Capitale;25;17;6;2018-04-29T14:38:33+02:00
320;320 - UZ BRUSSEL;UZ BRUSSEL - AVENUE DE L'ARBRE BALLON / DIKKE-BEUKLAAN;50.887001, 4.310701;True;False;OPEN;Bruxelles-Capitale;20;5;15;2018-04-29T14:38:36+02:00
177;177 - CHASSEURS ARDENNAIS/ARDENSE JAGERS;CHASSEURS ARDENNAIS/ARDENSE JAGERSPLEIN - RUE DU NOYER 81-87 /NOTELAARSSTRAAT 81-87;50.849409, 4.389263;False;True;OPEN;Bruxelles-Capitale;25;8;17;2018-04-29T14:39:21+02:00
184;184 - PHILIPPE BAUCQ;PHILIPPE BAUCQ - RUE PHILIPPE BAUCQ / PHILIPPE BAUCQSTRAAT 32 - 38;50.831592, 4.385786;True;False;OPEN;Bruxelles-Capitale;25;16;9;2018-04-29T14:38:36+02:00
52;052 - SAINCTELETTE;SAINCTELETTE - PLACE SAINCTELETTE/SAINCTELETTEPLEIN;50.859212, 4.34551;True;False;OPEN;Bruxelles-Capitale;25;3;21;2018-04-29T14:39:30+02:00
47;047 - LES QUAIS / KAAIEN;LES QUAIS/KAAIEN - QUAI A LA CHAUX/KALKKAAI 1-2;50.854714, 4.347151;True;False;OPEN;Bruxelles-Capitale;20;0;20;2018-04-29T14:40:11+02:00
143;143 - RTL;RTL  - CHAUSSEE DE LOUVAIN (DVT 770)/ LEUVENSE STEENWEG (N° 770);50.857218, 4.407879;True;False;OPEN;Bruxelles-Capitale;25;12;13;2018-04-29T14:40:27+02:00
167;167 - CHARLES V/KAREL V;CHARLES V/KAREL V - AVENUE CHARLES QUINT/KEIZER KARELLAAN 129-131;50.869032, 4.309731;True;False;OPEN;Bruxelles-Capitale;22;17;5;2018-04-29T14:40:06+02:00
137;137 - MAISON COMMUNALE DE SCHAERBEEK;MAISON COMMUNALE DE SCHAERBEEK / SCHAARBEEK GEMEENTEHUIS - RUE ROYALE SAINTE MARIE/KONINKLIJKE SINTE-MARIASTRAAT 241-243-245;50.86661, 4.373102;True;False;OPEN;Bruxelles-Capitale;25;12;13;2018-04-29T14:40:07+02:00
226;226 - UNION/UNIE;UNION/UNIE - BD DE LA DEUXIEME ARMEE BRITANNIQUE / BRITS TWEEDELEGERLAAN 8 - 2;50.819939, 4.325277;True;False;OPEN;Bruxelles-Capitale;25;0;25;2018-04-29T14:40:03+02:00
146;146 - LEOPOLD III/LEOPOLD III;LEOPOLD III -  BOULEVARD LEOPOLD III / LEOPOLD III-LAAN;50.859243, 4.401022;True;False;OPEN;Bruxelles-Capitale;25;12;12;2018-04-29T14:39:37+02:00
76;076 - PLACE VAN MEENEN/VAN MEENENPLEIN;PLACE VAN MEENEN/VAN MEENENPLEIN - AV PAUL DEJAER (FACE 35 - 39) / PAUL DEJAERLAAN (TEGENOVER 35 - 39);50.825749, 4.345165;True;False;OPEN;Bruxelles-Capitale;25;19;6;2018-04-29T14:41:00+02:00
85;085 - ETANGS NOIRS/ZWARTE VIJVERS;ETANGS NOIRS /ZWARTE VIJVERS - CHEE DE GAND/STEENWEG OP GENT;50.8572655241, 4.33236837869;True;False;OPEN;Bruxelles-Capitale;25;14;11;2018-04-29T14:40:51+02:00
350;350 - VERHEYLEWEGHEN;VERHEYLEWEGHEN - PLACE VERHEYLEWEGHEN DVT LES N°32-34;50.848184, 4.425621;False;False;OPEN;Bruxelles-Capitale;22;10;12;2018-04-29T14:41:06+02:00
21;021 - DE BROUCKERE (FERMÉE - TRAVAUX DE VOIRIE);FERMÉE - TRAVAUX DE VOIRIE - DE BROUCKERE - PLACE DE BROUCKERE/DE BROUCKEREPLEIN;50.851919, 4.352776;True;False;CLOSED;Bruxelles-Capitale;38;0;0;2018-02-21T23:22:19+01:00
34;034 - FONTAINAS (FERMÉE - TRAVAUX);FERMÉE - TRAVAUX - FONTAINAS - BLD ANSPACH N°180 A 192/ANSPACHLAAN N°180 TOT 192;50.84563, 4.346942;False;False;CLOSED;Bruxelles-Capitale;31;0;0;2018-04-19T22:24:48+02:00
260;260 - TRITON;TRITON - AVENUE DES ANCIENS COMBATTANTS - PISCINE / OUD-STRIJDERSLAAN - ZWEMBAD;50.86702, 4.406995;True;False;OPEN;Bruxelles-Capitale;25;16;8;2018-04-29T14:32:24+02:00
139;139 - LIEDTS;LIEDTS - PLACE LIEDTS (FACE AU 38)/ LIEDTSPLEIN (TEGENOVER 38);50.863872, 4.366741;True;False;OPEN;Bruxelles-Capitale;25;9;16;2018-04-29T14:31:55+02:00
29;029 - BAUDOUIN / BOUDEWIJN;BAUDOUIN/BOUDEWIJN - RUE DE LAEKEN / LAKENSESTRAAT;50.856584, 4.352877;True;False;OPEN;Bruxelles-Capitale;25;3;22;2018-04-29T14:31:53+02:00
73;073 - VLEURGAT;VLEURGAT - AVENUE LOUISE/LOUIZALAAN 300;50.823898, 4.367752;True;True;OPEN;Bruxelles-Capitale;25;25;0;2018-04-29T14:31:41+02:00
220;220 - LUTHER KING;LUTHER KING - BD MAURICE CAREME 30 / MAURICE CAREMELAAN 30;50.825706, 4.288377;True;False;OPEN;Bruxelles-Capitale;25;16;9;2018-04-29T14:31:44+02:00
223;223 - WIELS (FERMÉE - EN RÉPARATION);FERMÉE - EN RÉPARATION - WIELS - AV.WIELEMANS CEUPPENS/LAAN 7;50.824055, 4.326376;True;False;CLOSED;Bruxelles-Capitale;25;6;0;2018-04-29T14:31:59+02:00
349;349 - FONSNY;FONSNY - AVENUE FONSNY EN FACE DES DEBOUCHES DES RUES COENRAETS ET J. CLAES;50.833444, 4.334857;True;False;OPEN;Bruxelles-Capitale;20;2;17;2018-04-29T14:31:58+02:00
152;152 - PLACE DAILLY/DAILLYPLEIN;PLACE DAILLY / DAILLYPLEIN - PLACE DAILLY / DAILLYPLEIN 24 - 25;50.852389, 4.387373;True;True;OPEN;Bruxelles-Capitale;25;15;8;2018-04-29T14:31:41+02:00
237;237 - PARVIS ST ANTOINE;PARVIS ST ANTOINE / ST ANTONIUS VOORPLEIN - RUE DE MERODE/MERODESTRAAT 290;50.827972, 4.330705;True;False;OPEN;Bruxelles-Capitale;25;3;22;2018-04-29T14:31:42+02:00
191;191 - ARTAN;ARTAN - RUE CLAYS;50.853973, 4.38374;True;False;OPEN;Bruxelles-Capitale;24;15;9;2018-04-29T14:31:33+02:00
216;216 - ARISTIDE BRIAND;ARISTIDE BRIAND - CH DE MONS 718 a 720 / BERGENSESTEENWEG 718 tot 720;50.828873, 4.303918;True;False;OPEN;Bruxelles-Capitale;25;9;16;2018-04-29T14:32:32+02:00
23;023 - AGORA / AGORA;AGORA - PLACE AGORA/AGORAPLEIN 120;50.846331, 4.355193;True;False;OPEN;Bruxelles-Capitale;19;0;19;2018-04-29T14:31:34+02:00
321;321 - SACRE-CŒUR DE/HEILIGE HART VAN JETTE;FERMÉE - SACRE-CŒUR DE JETTE/HEILIGE HART VAN JETTE - AVENUE DU SACREE CŒUR FACE 71 A 79/HEILIGE HARTLAAN VOOR 71 TOT 79;50.884251, 4.330287;True;False;OPEN;Bruxelles-Capitale;19;9;10;2018-04-29T14:31:30+02:00
246;246 - GATTI DE GAMOND;GATTI DE GAMMOND - RUE DE STALLE PROLONGEE/STALLE STRAAT 160;50.796471, 4.328415;True;False;OPEN;Bruxelles-Capitale;20;17;3;2018-04-29T14:32:46+02:00
230;230 - BERKENDAEL / BERKENDAAL;BERKENDAEL / BERKENDAAL - AVENUE ALBERT / ALBERTLAAN 134;50.818382, 4.346061;False;False;OPEN;Bruxelles-Capitale;24;11;13;2018-04-29T14:32:46+02:00
189;189 - PLACE VAN MEYEL/VAN MEYELPLEIN;PLACE VAN MEYEL/VAN MEYELPLEIN;50.836924, 4.389073;True;False;OPEN;Bruxelles-Capitale;17;10;7;2018-04-29T14:33:06+02:00
55;055 - BOTANIQUE/KRUIDTUIN;BOTANIQUE/KRUIDTUIN - AVENUE GALILEE/GALILEELAAN;50.853248, 4.366188;True;True;OPEN;Bruxelles-Capitale;25;7;17;2018-04-29T14:33:24+02:00
311;311 - DELTA;DELTA - BD DES INVALIDES / INVALIDENLAAN;50.818456, 4.40349;True;True;OPEN;Bruxelles-Capitale;22;19;3;2018-04-29T14:33:27+02:00
133;133 - CHÂTEAU/KASTEEL;CHATEAU-KASTEEL - AVENUE DU CHÂTEAU/KASTEELLAAN;50.866795, 4.3092224;False;False;OPEN;Bruxelles-Capitale;24;14;10;2018-04-29T14:32:50+02:00
282;282 - CENTENAIRE / EEUWFEEST;CENTENAIRE / EEUWFEEST - BOULEVARD DU CENTENAIRE / EEUWFEESTLAAN;50.890522, 4.345112;True;False;OPEN;Bruxelles-Capitale;25;1;24;2018-04-29T14:33:32+02:00
134;134 - PLACE DE BASTOGNE/BASTENAKEN;BASTOGNE/BASTENAKEN - PLACE DE BASTOGNE/BASTENAKENPLEIN;50.862652, 4.316644;False;False;OPEN;Bruxelles-Capitale;25;12;13;2018-04-29T14:32:42+02:00
33;033 - MORT SUBITE;MORT SUBITE - RUE MONTAGNE AUX-HERBES-POTAGERES (FACE N° 7)/WARMOESBERG (TEGENOVER N°7);50.848701, 4.356055;True;False;OPEN;Bruxelles-Capitale;25;13;12;2018-04-29T14:32:51+02:00
252;252 - BEMPT;BEMPT - CH DE NEERSTALLE DEVANT 333-335-337 / NEERSTALLESESTEENWEG 333-335-337;50.802563, 4.315701;True;False;OPEN;Bruxelles-Capitale;25;18;7;2018-04-29T14:34:29+02:00
238;238 - UNION SAINT-GILLOISE / SINT-GILLIS UNIE;UNION SAINT-GILLOISE / SINT-GILLIS UNIE - CH DE BRUXELLES 366-362 / BRUSSELSESTEENWEG 366-362;50.820278, 4.330802;True;False;OPEN;Bruxelles-Capitale;20;5;15;2018-04-29T14:33:44+02:00
79;079 - LOI / WET;LOI/WET - RUE D'ARLON/STRAAT 120;50.84413, 4.374871;True;False;OPEN;Bruxelles-Capitale;22;19;3;2018-04-29T14:33:51+02:00
236;236-MAISON COMMUNALE DE FOREST/VORST GEMEENTEHUIS;MAISON COMMUNALE DE FOREST / VORST GEMEENTEHUIS - RUE SAINT DENIS 4 / SINT DENIJSSTRAAT 4;50.812328, 4.318885;True;False;OPEN;Bruxelles-Capitale;25;10;15;2018-04-29T14:35:07+02:00
318;318 - CARDINAL MERCIER / KARDINAAL MERCIER;CARDINAL MERCIER / KARDINAAL MERCIER - PLACE CARDINAL MERCIER / KARDINAAL MERCIER PLEIN 6;50.880539, 4.32823;True;False;OPEN;Bruxelles-Capitale;26;0;25;2018-04-29T14:34:59+02:00
329;329 - ROODEBEEK (FERMÉE-TRAVAUX DE VOIRIE);FERMÉE-TRAVAUX DE VOIRIE - AV PAUL HYMANS FACE À L'ARRÊT METRO ROODEBEEK;50.847617, 4.436084;True;False;CLOSED;Bruxelles-Capitale;25;0;0;2018-04-29T14:35:04+02:00
308;308 - TIVOLI;TIVOLI - RUE DE MOLENBEEK CROISEMENT RUE DE WAUTIER/ KRUISPUNT MOLENBEEKSTRAAT-DE WAUTIERSTRAAT;50.872265, 4.352158;False;False;OPEN;Bruxelles-Capitale;19;8;11;2018-04-29T14:35:21+02:00
328;328 - HEYDENBERG;HEYDENBERG - AV HEYDENBERG FACE 99-101;50.849988, 4.417064;True;False;OPEN;Bruxelles-Capitale;20;7;12;2018-04-29T14:34:54+02:00
346;346 - RECHERCHE;RECHERCHE - ROUTE DE LENNIK N°788;50.81591, 4.2737;True;False;OPEN;Bruxelles-Capitale;20;15;5;2018-04-29T14:34:46+02:00
335;335 - THIRY;THIRY - BD DE LA WOLUWE DVT 100;50.854231, 4.444034;True;False;OPEN;Bruxelles-Capitale;20;1;19;2018-04-29T14:35:08+02:00
110;110 - RODIN;RODIN - AVENUE DE LA COURONNE (DEVANT 145 D) / KROONLAAN (N° 145 D);50.826992, 4.382379;False;False;OPEN;Bruxelles-Capitale;22;10;11;2018-04-29T14:35:14+02:00
5;005 - BOURSE / BEURS;BOURSE / BEURS - RUE PAUL DEVAUX/PAUL DEVAUXSTRAAT;50.848893, 4.349396;True;False;OPEN;Bruxelles-Capitale;44;1;43;2018-04-29T14:35:30+02:00
234;234 - ST DENIS / ST DENIJS;ST DENIS / ST DENIJS - PLACE ST DENIS FACE 68 / ST DENIJSPLAATS VOOR 68;50.809799, 4.317546;True;False;OPEN;Bruxelles-Capitale;25;17;8;2018-04-29T14:35:57+02:00
197;197 - DE SMET;DE SMET - PLACE HENRI DE SMET / HENRI DE SMETPLEIN;50.848255, 4.314854;True;False;OPEN;Bruxelles-Capitale;25;6;19;2018-04-29T14:35:54+02:00
22;022 - JACQMAIN;JACQMAIN - BLD. D'ANVERS / ANTWERPSELAAN 4;50.855969, 4.355657;True;False;OPEN;Bruxelles-Capitale;23;10;13;2018-04-29T14:35:43+02:00
151;151 - LOUVAIN 488-494/LEUVEN 488-494;LOUVAIN / LEUVEN - CHAUSSEE DE LOUVAIN - LEUVENSESTEENWEG  488-494;50.853518, 4.392491;True;False;OPEN;Bruxelles-Capitale;25;18;7;2018-04-29T14:36:07+02:00
291;291 - DECROLY;DECROLY - RUE GATTI DE GAMMOND / GATTI DE GAMMOND STRAAT;50.804661, 4.327886;False;False;OPEN;Bruxelles-Capitale;19;11;8;2018-04-29T14:36:16+02:00
219;219 - VAN HELLEMONT;VAN HELLEMONT - RUE DE NEERPEDE 372-374 / NEERPEDESTRAAT 372-374 (FERMEE SUITE ACCIDENT);50.829491, 4.286006;False;False;OPEN;Bruxelles-Capitale;23;15;8;2018-04-29T14:35:42+02:00
78;078 - DUC PETIAUX;DUC PETIAUX - CHAUSSEE DE WATERLOO/ WATERLOOSESTEENWEG 376 - 370;50.823699, 4.351623;False;False;OPEN;Bruxelles-Capitale;25;20;3;2018-04-29T14:36:13+02:00
254;254 - BASILIQUE / BASILIEK;BASILIQUE / BASILIEK - AV JACQUES SERMON / JACUES SERMONLAAN;50.867393, 4.320344;True;False;OPEN;Bruxelles-Capitale;22;7;15;2018-04-29T14:35:51+02:00
336;336 - KRAAINEM;KRAAINEM - AV DE WEZEMBEEK 7A;50.848578, 4.459038;True;False;OPEN;Bruxelles-Capitale;17;9;8;2018-04-29T14:40:25+02:00
102;102 - MUSEUM/MUSEUM;MUSEUM - CHAUSSEE DE WAVRE (FACE 229 - 233)  /  WAVERSESTEENWEG (TEGENOVER 229 - 233);50.83579, 4.375782;True;False;OPEN;Bruxelles-Capitale;25;19;6;2018-04-29T14:40:18+02:00
279;279 - HOUBA BRUGMANN;HOUBA BRUGMANN - AVENUE HOUBA DE STROOPER / HOUBA DE STROOPERLAAN;50.890181, 4.336962;True;False;OPEN;Bruxelles-Capitale;25;2;23;2018-04-29T14:40:00+02:00
117;117 - CIMETIERE D'IXELLES/BEGRAAFPLAATS VAN ELSENE;CIMETIERE D'IXELLES / BEGRAAFPLAATS VAN ELSENE - AVENUE DE LA COURONNE/KROONLAAN 449;50.816029, 4.391006;True;True;OPEN;Bruxelles-Capitale;34;34;0;2018-04-29T14:39:50+02:00
188;188 - OSSEGHEM;OSSEGHEM -  AVENUE MAHATMA GANDHI/ MAHATMA GANDHILAAN 10;50.857235, 4.324354;False;False;OPEN;Bruxelles-Capitale;24;0;24;2018-04-29T14:40:26+02:00
362;362 - GARE BERCHEM ST AGATHE/ST AGATA BERCHEM;GARE BERCHEM ST AGATHE/ST AGATA BERCHEM STATION - RUE BOIS DES ÎLES/EILANDENHOUTSTRAAT 1-15;50.872501, 4.290218;True;False;OPEN;Bruxelles-Capitale;20;8;12;2018-04-29T14:39:57+02:00
200;200 - VETERANS COLONIAUX / KOLONIALE VETERANEN;VETERANS COLONIAUX / KOLONIALE VETERANEN - BD JULES GRAINDOR / JULES GRAINDORLAAN;50.843967, 4.313537;True;True;OPEN;Bruxelles-Capitale;25;15;10;2018-04-29T14:38:33+02:00
199;199 - HENRI REY (FERMÉE);FERMÉE - DÉPLACEMENT STATIONHENRI REY - BD FELIX PAULSEN / FELIX PAULSENLAAN 3-5-7-9;50.843693, 4.304986;True;True;CLOSED;Bruxelles-Capitale;14;0;0;2018-04-29T14:39:02+02:00
83;083 - SIMONIS;SIMONIS / BD LEOPOLD II (DEVANT 282)/ LEOPOLD II-LAAN (N° 282);50.86284, 4.33126;True;False;OPEN;Bruxelles-Capitale;32;29;3;2018-04-29T14:39:19+02:00
344;344 - BETHLEEM;BETHLEEM - PLACE BETHLEEM;50.830179, 4.337958;True;False;OPEN;Bruxelles-Capitale;20;1;19;2018-04-29T14:38:44+02:00
255;255 - SACRE-COEUR DE/HEILIGE HART VAN GANSHOREN;SACRE-COEUR DE GANSHOREN / HEILIGE HART VAN GANSHOREN - AV CHARLESQUINT,9 / KEISERKARELLAAN,9;50.868011, 4.313968;True;False;OPEN;Bruxelles-Capitale;25;6;19;2018-04-29T14:38:54+02:00
358;358 - MADOUX;MADOUX - AVENUE DE TERVUREN FACE 403;50.82708, 4.444795;True;False;OPEN;Bruxelles-Capitale;25;21;4;2018-04-29T14:39:22+02:00
301;301 - MARIE-JOSE;MARIE-JOSE - PLACE MARIE-JOSE FACE 6 / MARIE-JOSE PLAATS VOOR 6;50.806271, 4.387673;True;False;OPEN;Bruxelles-Capitale;20;14;6;2018-04-29T14:38:57+02:00
148;148 - GARE MEISER/MEISER STATION;GARE MEISER / MEISER STATION - AVENUE ROGIER/ ROGIERLAAN 377 - 379;50.855629, 4.394807;False;False;OPEN;Bruxelles-Capitale;22;4;18;2018-04-29T14:37:14+02:00
80;080 - CERES;CERES - AV. F. ROOSEVELT/F. ROOSEVELTLAAN, 14;50.814852, 4.376794;True;True;OPEN;Bruxelles-Capitale;25;23;2;2018-04-29T14:37:33+02:00
31;031 - MUSEE DE LA BD / STRIPMUSEUM;MUSEE DE LA BD/STRIPMUSEUM - BOULEVARD PACHECO/PACHECOLAAN;50.850303, 4.360706;False;False;OPEN;Bruxelles-Capitale;25;13;12;2018-04-29T14:37:11+02:00
19;019 - PLACE MORICHAR/MORICHARPLEIN;PLACE MORICHAR / MORICHARPLEIN - RUE DES ETUDIANTS/ STUDENTENSTRAAT 32 - 34;50.827955, 4.347791;True;True;OPEN;Bruxelles-Capitale;20;10;10;2018-04-29T14:36:41+02:00
107;107 - DEFACQZ;DEFACQZ - RUE DEFACQZ/ DEFACQZSTRAAT 25-27-29;50.827652, 4.359031;True;False;OPEN;Bruxelles-Capitale;25;4;21;2018-04-29T14:37:29+02:00
86;086 - MAISON COMMUNALE DE JETTE GEMEENTEHUIS;MAISON COMMUNALE DE JETTE / JETTE GEMEENTEHUIS - CHAUSSEE DE WEMMEL/WEMMELSESTEENWEG 102;50.876195, 4.324477;True;False;OPEN;Bruxelles-Capitale;25;18;7;2018-04-29T14:37:18+02:00
269;269 - CICERON;CICERON - CHAUSSE DE LOUVAIN / LEUVENSESTEENWEG1166;50.860859, 4.421375;True;False;OPEN;Bruxelles-Capitale;25;11;14;2018-04-29T14:37:30+02:00
28;028 - CLEMENCEAU / CLEMENCEAU;CLEMENCEAU - CHEE DE MONS/ BERGENSE STEENWEG 159-161-163;50.842005, 4.3305;True;False;OPEN;Bruxelles-Capitale;27;2;25;2018-04-29T14:36:53+02:00
99;099 - JUBILE;JUBILE - BOULEVARD DU JUBILE/ JUBELFEESTLAAN 79;50.864992, 4.338431;False;True;OPEN;Bruxelles-Capitale;25;10;15;2018-04-29T14:36:46+02:00
213;213 - LA ROUE / HET RAD;LA ROUE / HET RAD - CH DE MONS 1100-1106 / BERGENSESTEENWEG 1100-1106;50.821018, 4.293865;True;False;OPEN;Bruxelles-Capitale;15;6;9;2018-04-29T14:37:06+02:00
266;266 - GARE BORDET STATION;GARE BORDET / BORDET STATION - CHAUSSEE D'HAECHT FACE 1147 / HAACHTSESTEENWEG VOOR 1147;50.877552, 4.409136;True;False;OPEN;Bruxelles-Capitale;21;19;2;2018-04-29T14:36:42+02:00
288;288 - HOUZEAU;HOUZEAU - AVENUE HOUZEAU 10 / HOUZEAULAAN 10;50.802711, 4.358842;True;False;OPEN;Bruxelles-Capitale;20;8;12;2018-04-29T14:38:09+02:00
147;147 - EMILE MAX LYCEE/LYCEUM EMILE MAX;EMILE MAX LYCEE/LYCEUM EMILE MAX - CHAUSSEE D'HAECHT/ HAACHTSESTEENWEG 226 - 230;50.861874, 4.372146;True;True;OPEN;Bruxelles-Capitale;25;7;18;2018-04-29T14:37:34+02:00
345;345 - 3 TILLEULS;3 TILLEULS - AV DES ORTOLANS 2;50.802675, 4.412073;False;False;OPEN;Bruxelles-Capitale;18;18;0;2018-04-29T14:37:50+02:00
119;119 - PAQUOT/PACQUOT;PAQUOT -  RUE JEAN PAQUOT (44 A 48) /JEAN PAQUOTSTRAAT (44 T.E.M 48);50.82559, 4.379555;True;False;OPEN;Bruxelles-Capitale;20;10;10;2018-04-29T14:37:56+02:00
317;317 - GEYSKENS;GEYSKENS - AVENUE ISIDORE GEYSKENSLAAN FACE/TEGENOVER 108;50.819546, 4.421198;True;False;OPEN;Bruxelles-Capitale;20;9;11;2018-04-29T14:37:53+02:00
89;089 - ATHENEE DE JETTE/ATHENEUM VAN JETTE;ATHENEE DE JETTE/ATHENEUM VAN JETTE - AVENUE DE LEVIS MIREPOIX / DE LEVIS MIREPOIXLAAN 100;50.8711927451, 4.32992476564;True;False;OPEN;Bruxelles-Capitale;25;20;5;2018-04-29T14:38:15+02:00
225;225 - PLACE ALBERT PLEIN;PLACE ALBERT/PLEIN - PLACE ALBERT / ALBERTPLEIN;50.821117, 4.342008;True;True;OPEN;Bruxelles-Capitale;25;23;2;2018-04-29T14:37:42+02:00
247;247 - STALLE;STALLE - RUE DE STALLE PROLONGEE/VERLENGDE STALLESTRAAT;50.79586, 4.32058;True;False;OPEN;Bruxelles-Capitale;25;17;8;2018-04-29T14:37:58+02:00
131;131 - JARDIN MASSART;JARDIN MASSART - AV HERMANN DEBROUXLAAN;50.81329, 4.434751;True;False;OPEN;Bruxelles-Capitale;25;13;10;2018-04-29T14:38:16+02:00
58;058 - GARE DU NORD / NOORDSTATION;GARE DU NORD/NOORDSTATION - PLACE DU NORD / NOORDPLAATS;50.859181, 4.35942;True;False;OPEN;Bruxelles-Capitale;43;30;13;2018-04-29T14:41:09+02:00
355;355 - PARNASSE;PARNASSE - RUE DU TRONE N°66 (CLOS PARNASSE);50.837714, 4.369117;True;False;OPEN;Bruxelles-Capitale;22;20;2;2018-04-29T14:41:16+02:00
66;066 - SCHUMAN;SCHUMAN - RUE DE LA LOI 170;50.843359, 4.379946;True;True;OPEN;Bruxelles-Capitale;40;13;27;2018-04-29T14:41:32+02:00
264;264 - NOTRE DAME/ONZE LIEVE VROUW;NOTRE DAME / ONZE LIEVE VROUW - AV NOTRE DAME 53 A 61 / ONZE LIEVE VROUWLAAN 53 TOT 61;50.870983, 4.397506;True;False;OPEN;Bruxelles-Capitale;20;19;1;2018-04-29T14:40:52+02:00
182;182 - BOILEAU;BOILEAU - BOULEVARD SAINT MICHEL / SINT-MICHIELSLAAN;50.83168, 4.404769;True;False;OPEN;Bruxelles-Capitale;25;10;15;2018-04-29T14:40:34+02:00
93;093 - CLOVIS;CLOVIS - CHAUSSEE DE LOUVAIN - LEUVENSESTEENWEG 260-264;50.85062, 4.381152;True;False;OPEN;Bruxelles-Capitale;19;10;9;2018-04-29T14:41:02+02:00
116;116 - ULB PLAINE;ULB PLAINE - BOULEVARD DE LA PLAINE  (ENTREE ULB) / PLEINLAAN (INGANG VUB);50.818253, 4.395749;True;False;OPEN;Bruxelles-Capitale;25;13;12;2018-04-29T14:41:18+02:00
9;009 - ANNEESSENS;ANNEESSENS - BLD MAURICE LEMONNIER/MAURICE LEMONNIERLAAN 42-44-46;50.844045, 4.345048;True;False;OPEN;Bruxelles-Capitale;35;2;31;2018-04-29T14:40:45+02:00
138;138 - HOUFFALIZE;HOUFFALIZE - PLACE DE HOUFFALIZE /HOUFFALIZEPLEIN 58;50.865218, 4.377735;False;False;OPEN;Bruxelles-Capitale;25;15;9;2018-04-29T14:40:30+02:00
218;218 - DELACROIX;DELACROIX - RUE LEON DELACROIX 1 a 7 / LEON DELACROIXSTRAAT 1 tot 7;50.845928, 4.323812;True;False;OPEN;Bruxelles-Capitale;25;1;24;2018-04-29T14:33:31+02:00
244;244 - BOIS DE LA CAMBRE;BOIS DE LA CAMBRE - AV WINSTON CHURCHIL 254 / WINSTON CHURCHILLAAN 254;50.81218, 4.368321;True;True;OPEN;Bruxelles-Capitale;20;16;4;2018-04-29T14:33:20+02:00
159;159 - MASUI;MASUI - AVENUE DE LA REINE / KONINGINNELAAN 153;50.869297, 4.36257;False;False;OPEN;Bruxelles-Capitale;25;1;23;2018-04-29T14:33:16+02:00
186;186 - GENOT;GENOT - CHAUSSEE DE GAND DEVANT 1033;50.861783, 4.302607;False;False;OPEN;Bruxelles-Capitale;20;17;3;2018-04-29T14:31:51+02:00
27;027 - SQUARE ALBERT I / ALBERT I SQUARE;SQUARE ALBERT I / ALBERT I-SQUARE 25 - 26 - 27;50.838733, 4.32176;False;False;OPEN;Bruxelles-Capitale;25;14;8;2018-04-29T14:31:52+02:00
150;150 - MEISER/MEISER;MEISER - PLACE GENERAL MEISER (FACE 1 - 3) / GENERAAL MEISERPLEIN (TEGENOVER 1 - 3);50.854654, 4.398451;True;True;OPEN;Bruxelles-Capitale;25;13;12;2018-04-29T14:31:39+02:00
181;181 - LOUIS TITZ;LOUIS TITZ - AVENUE DE LA CHASSE/ JACHTLAAN 182 - 184;50.835723, 4.394395;True;False;OPEN;Bruxelles-Capitale;25;8;15;2018-04-29T14:31:59+02:00
273;273 - TAMARIS;TAMARIS - BD METTEWIE LAAN VOOR/FACE 71;50.854824, 4.306209;True;False;OPEN;Bruxelles-Capitale;25;9;16;2018-04-29T14:31:46+02:00
126;126 - FABRY;FABRY - BOULEVARD DE LA WOLUWE / WOLUWELAAN 28;50.837288, 4.43462;True;False;OPEN;Bruxelles-Capitale;25;12;13;2018-04-29T14:31:39+02:00
198;198 - SCHEUT;SCHEUT - CHEE DE NINOVE (FACE 441) / NINOOFSESTEENWEG (TEGENOVER 441);50.847649, 4.307714;True;False;OPEN;Bruxelles-Capitale;25;13;12;2018-04-29T14:32:24+02:00
61;061 - MAELBEEK / MAALBEEK;MAELBEEK/MAALBEEK - CHAUSSEE D'ETTERBEEK/ETTERBEEKSESTEENWEG 15;50.843836, 4.378002;False;False;OPEN;Bruxelles-Capitale;35;5;30;2018-04-29T14:32:23+02:00
8;008 - ARTS-LOI / KUNST-WET;ARTS-LOI/KUNST-WET -  AVENUE DES ARTS/KUNSTLAAN 24;50.845683, 4.368582;True;True;OPEN;Bruxelles-Capitale;21;16;4;2018-04-29T14:31:42+02:00
153;153 - SQUARE ARMAND STEURS;SQUARE ARMAND STEURS/ARMAND STEURSSQUARE - AVENUE PAUL DESCHANEL (FACE N° 267 - 269) / PAUL DESCHANELLAAN (TEGENOVER 267 - 269);50.854128, 4.378002;True;False;OPEN;Bruxelles-Capitale;25;11;13;2018-04-29T14:33:39+02:00
262;262 - PLACE DE LA PAIX/VREDEPLAIN;PLACE DE LA PAIX / VREDEPLAIN - PLACE DE LA PAIX FACE 24 / VREDEPLEIN VOOR 24;50.87693, 4.400722;True;False;OPEN;Bruxelles-Capitale;20;10;10;2018-04-29T14:33:53+02:00
154;154 - PLASKY/PLASKY;PLASKY - SQUARE EUGENE PLASKY (FACE 100) / EUGENE PLASKYSQUARE (TEGENOVER 100);50.851241, 4.396386;False;True;OPEN;Bruxelles-Capitale;25;13;12;2018-04-29T14:33:54+02:00
295;295 - COIN DU BALAI;COIN DU BALAI - AV DE LA FORESTERIE;50.793682, 4.418497;True;False;OPEN;Bruxelles-Capitale;25;7;18;2018-04-29T14:33:37+02:00
306;306 - HEMBEEK;HEMBEEK - ANGLE AV DES CROIX DE FEU / VUURKRUISENLAAN 7-9;50.889603, 4.373967;True;False;OPEN;Bruxelles-Capitale;25;5;20;2018-04-29T14:33:54+02:00
359;359 - JCDECAUX;JCDecaux - ALLÉE VERTE 50 À 1000 BRUXELLES;50.867708, 4.357532;True;False;OPEN;Bruxelles-Capitale;20;13;7;2018-04-29T14:34:03+02:00
299;299 - SAINT-ADRIEN;SAINT-ADRIEN - AV DU PESAGE N°21;50.80941, 4.386541;False;False;OPEN;Bruxelles-Capitale;20;15;5;2018-04-29T14:33:59+02:00
38;038 - JEU DE BALLE / VOSSENPLEIN;JEU DE BALLE/VOSSENPLEIN - RUE BLAES/BLAESSTRAAT 135-141;50.837912, 4.347421;True;False;OPEN;Bruxelles-Capitale;19;0;18;2018-04-29T14:34:15+02:00
11;011 - SABLON / ZAVEL(FERMÉE - TRAVAUX STIB);FERMÉE - TRAVAUX STIB - SABLON/ZAVEL - RUE DE LA REGENCE/REGENTSCHAPSSTRAAT 20;50.8405, 4.356878;True;True;CLOSED;Bruxelles-Capitale;17;0;0;2018-04-29T14:33:32+02:00
176;176 - COLONEL BOURG/KOLONEL BOURG;COLONEL BOURG/KOLONEL BOURG - RUE COLONEL BOURG/ KOLONEL BOURGSTRAAT 104;50.852356, 4.408635;True;False;OPEN;Bruxelles-Capitale;25;14;10;2018-04-29T14:34:11+02:00
1;001 - LEOPOLD II;LEOPOLD II - AVENUE DE TERVUREN FACE / TERVURENLAAN VOOR 218;50.836304, 4.41505;False;True;OPEN;Bruxelles-Capitale;20;20;0;2018-04-29T14:39:18+02:00
92;092 - LENOIR;LENOIR - BLD DE SMET DE NAEYER/DE SMET DE NAEYERLAAN 187 - 189;50.875826, 4.329921;False;False;OPEN;Bruxelles-Capitale;24;14;10;2018-04-29T14:39:23+02:00
15;015 - MONTGOMERY;MONTGOMERY - AVENUE DE TERVUREN / TERVURENLAAN 136-138;50.837036, 4.406826;True;False;OPEN;Bruxelles-Capitale;25;12;13;2018-04-29T14:39:25+02:00
180;180 - JOURDAN;JOURDAN - RUE FROISSART (FACE 3 - 5) / FROISSARTSTRAAT (TEGENOVER 3 - 5);50.837726, 4.381565;True;False;OPEN;Bruxelles-Capitale;25;17;6;2018-04-29T14:39:31+02:00
105;105 - DE HENNIN;DE HENNIN -  CHAUSSEE D'IXELLES/ELSENSE STEENWEG 254 - 260;50.829631, 4.3692;True;True;OPEN;Bruxelles-Capitale;20;9;11;2018-04-29T14:38:23+02:00
18;018 - GUTENBERG / GUTENBERG;GUTENBERG - SQUARE GUTENBERG (FACE N° 5)/GUTENBERGSSQUARE (TEGENOVER N° 5);50.84771, 4.377552;True;False;OPEN;Bruxelles-Capitale;25;17;8;2018-04-29T14:37:42+02:00
357;357 - AVIATION;AVIATION - INTERSECTION AVENUE DE L'AVIATION ET AVENUE ORBAN;50.834634, 4.456746;True;False;OPEN;Bruxelles-Capitale;20;16;4;2018-04-29T14:38:09+02:00
257;257 - PL MARGHERITE D'AUTRICHE / MARGARETHA VAN OO;PLACE MARGHERITE D'AUTRICHE / MARGARETHA VAN OOSTENRIJKPLEIN;50.872169, 4.298216;True;False;OPEN;Bruxelles-Capitale;25;11;14;2018-04-29T14:37:50+02:00
111;111 - ETANGS MELLAERTS VIJVERS;ETANGS MELLAERTS VIJVERS - BOULEVARD DU SOUVERAIN FACE / VORSTLAAN VOOR 275;50.827831, 4.431822;True;False;OPEN;Bruxelles-Capitale;25;15;10;2018-04-29T14:37:43+02:00
20;020 - PALAIS ROYAL / KONINKLIJK PALEIS;PALAIS ROYAL/KONINGSSTRAAT PALEIS - RUE ROYALE (DEVANT N°14)/KONINKLIJKESTRAAT (N°14);50.843613, 4.360628;True;True;OPEN;Bruxelles-Capitale;20;6;14;2018-04-29T14:38:19+02:00
251;251 - PAOLA;PAOLA - RUE VICTOR ALLARD FACE 222 / VICTOR ALLARD STRAAT VOOR 222;50.800377, 4.326985;False;False;OPEN;Bruxelles-Capitale;20;1;19;2018-04-29T14:37:34+02:00
183;183 - LA CHASSE/JACHT;LA CHASSE/JACHT - AVENUE DES CASERNES/ KAZERNENLAAN 4 - 6;50.829928, 4.390357;True;False;OPEN;Bruxelles-Capitale;25;20;5;2018-04-29T14:38:12+02:00
145;145 - COTEAUX/WIJNHEUVELEN;COTEAUX/WIJNHEUVELEN - AVENUE ROGIER / ROGIERLAAN 128;50.859096, 4.379117;True;False;OPEN;Bruxelles-Capitale;25;7;16;2018-04-29T14:36:59+02:00
179;179 - CELTES/KELTEN;CELTES/KELTEN - AVENUE DE TERVUEREN (FACE AU 17) / TERVURENLAAN (TEGENOVER 17);50.839217, 4.398015;True;True;OPEN;Bruxelles-Capitale;44;35;1;2018-04-29T14:37:31+02:00
294;294 - WIENER;WIENER - PLACE WIENER 2 / WIENERPLAATS 2;50.798344, 4.419014;True;False;OPEN;Bruxelles-Capitale;25;18;7;2018-04-29T14:37:30+02:00
265;265 - EVERE SHOPPING;EVERE SHOPPING - AV DES LOISIRS / VRIJETIJDSLAAN;50.867241, 4.40287;True;False;OPEN;Bruxelles-Capitale;25;8;17;2018-04-29T14:36:41+02:00
124;124 - CHARLES GRAUX;CHARLES GRAUX - CHAUSSEE DE WATERLOO (DEVANT N° 585 - 587)/ WATERLOOSESTEENWEG (N° 585 - 587);50.818283, 4.363568;True;True;OPEN;Bruxelles-Capitale;25;12;12;2018-04-29T14:37:03+02:00
40;040 - PORTE DE HAL / HALLEPOORT;PORTE DE HAL/HALLEPOORT - BOULEVARD DU MIDI/ZUIDLAAN 142;50.833931, 4.343155;True;False;OPEN;Bruxelles-Capitale;25;6;19;2018-04-29T14:37:08+02:00
356;356 - CENTRE SPORTIF;CENTRE SPORTIF - AVENUE JULES DU JARDIN FACE AU N°45 (ROND POINT DU TIBET);50.829715, 4.455151;False;False;OPEN;Bruxelles-Capitale;16;8;8;2018-04-29T14:36:57+02:00
211;211 - METRO CERIA;METRO CERIA - CH DE MONS (FACE AU 1292 a 1284) / BERGENSESTEENWEG (TEGENOVER 1292 TOT 1284);50.816528, 4.290832;True;False;OPEN;Bruxelles-Capitale;25;16;8;2018-04-29T14:35:47+02:00
122;122 - GARE D'ETTERBEEK;GARE D'ETTERBEEK/STATION VAN ETTERBEEK - BOULEVARD GENERAL JACQUES/GENERAAL JACQUESLAAN;50.822207, 4.389325;True;True;OPEN;Bruxelles-Capitale;30;17;13;2018-04-29T14:35:53+02:00
239;239 - DARWIN;DARWIN - AV. BRUGMANN / BRUGMANNLAAN 139-147;50.8187714, 4.350961;True;True;OPEN;Bruxelles-Capitale;25;13;10;2018-04-29T14:36:17+02:00
135;135 - PARC LACROIX/LACROIX PARK;PARC LACROIX / LACROIX PARK - AV PRINCESSE ELISABETH/PRINSES ELISABETHLAAN;50.872744, 4.376647;False;False;OPEN;Bruxelles-Capitale;25;7;17;2018-04-29T14:35:43+02:00
67;067 - PARC CINQUANTENAIRE / JUBELPARK;PARC CINQUANTENAIRE/JUBELPARK - AVENUE D'AUDERGHEM/OUDERGEMSESTEENWEG 45;50.83975, 4.385426;True;True;OPEN;Bruxelles-Capitale;35;35;0;2018-04-29T14:36:26+02:00
24;024 - ROGIER / ROGIER;ROGIER - BOULEVARD DU JARDIN BOTANIQUE/KRUIDTUINLAAN;50.855268, 4.358717;True;False;OPEN;Bruxelles-Capitale;36;7;29;2018-04-29T14:36:07+02:00
121;121 - ETANGS / VIJVERS;ETANGS / VIJVERS - RUE GUILLAUME STOCQ (FACE AU N° 1-3-5)/ GUILLAUME STOCQSTRAAT (TEGENOVER N° 1-3-5);50.823986, 4.37379;True;False;OPEN;Bruxelles-Capitale;25;3;22;2018-04-29T14:34:56+02:00
330;330 - VANDERVELDE;VANDERVELDE - AVENUE EMILE VANDERVELDE 90;50.847546, 4.450015;False;False;OPEN;Bruxelles-Capitale;25;20;5;2018-04-29T14:35:05+02:00
353;353 - BEAULIEU;BEAULIEU - RUE JULES COCKX / JULES COCKXSTRAAT;50.815681, 4.40812;True;True;OPEN;Bruxelles-Capitale;20;3;17;2018-04-29T14:34:46+02:00
6;006 - GARE CENTRALE/CENTRAAL STATION;GARE CENTRALE/CENTRAAL STATION - BLD DE L'IMPERATRICE/KEIZERINLAAN;50.845333, 4.356475;True;False;OPEN;Bruxelles-Capitale;40;0;39;2018-04-29T14:34:49+02:00
161;161 - DEMOLDER;DEMOLDER - AVENUE EUGENE DEMOLDER / EUGENE DEMOLDERLAAN 68;50.872592, 4.379886;True;False;OPEN;Bruxelles-Capitale;25;8;16;2018-04-29T14:34:55+02:00
109;109 - CHATELAIN/KASTELEIN;CHATELAIN/KASTELEIN - RUE DE L'AQUEDUC /AQUADUCTSTRAAT 115-117-119;50.824048, 4.359896;True;False;OPEN;Bruxelles-Capitale;25;11;13;2018-04-29T14:35:20+02:00
271;271 - DUBOIS;DUBOIS - BD EMILE MACHTENS/LAAN 102-104;50.851158, 4.309591;False;False;OPEN;Bruxelles-Capitale;25;10;15;2018-04-29T14:34:39+02:00
172;172 - AEROPOLIS;AEROPOLIS - CHAUSSEE D'HAECHT (FACE 586) / HAACHTSESTEENWEG (TEGENOVER 586);50.869764, 4.388191;True;False;OPEN;Bruxelles-Capitale;25;13;12;2018-04-29T14:35:25+02:00
263;263 - MAISON COMMUNALE D'EVERE/EVERE GEMEENTEHUIS;MAISON COMMUNALE D'EVERE/ EVERE GEMEENTEHUIS - SQUARE HOEDEMAEKERS / HOEDEMAEKERSESQUARE 7-8;50.872002, 4.403286;False;False;OPEN;Bruxelles-Capitale;19;12;6;2018-04-29T14:35:24+02:00
274;274 - CORHAY;CORAY - CHEE DE GAND DEVANT 579-587 GENTSESTEENWEG VOOR 579-587;50.86002, 4.307502;True;False;OPEN;Bruxelles-Capitale;25;8;17;2018-04-29T14:35:15+02:00
278;278 - STADE / STADIUM;STADE / STADIUM - AVENUE HOUBA DE STROOPER / HOUBA DE STROOPERLAAN;50.894005, 4.331902;True;False;OPEN;Bruxelles-Capitale;25;16;9;2018-04-29T14:39:34+02:00
68;068 - JEAN REY;JEAN REY - PLACE JEAN REY/JEAN REYPLAATS;50.840282, 4.380131;True;False;OPEN;Bruxelles-Capitale;33;25;7;2018-04-29T14:40:19+02:00
125;125 - GEORGES BRUGMANN;GEORGES BRUGMANN - PLACE GEORGES BRUGMANN/GEORGES BRUGMANNPLEIN N° 10 - 11;50.817392, 4.354105;False;True;OPEN;Bruxelles-Capitale;25;17;7;2018-04-29T14:40:12+02:00
339;339 - MEUDON;MEUDON - SQUARE MEUDON;50.845365, 4.41788;True;False;OPEN;Bruxelles-Capitale;22;15;7;2018-04-29T14:40:46+02:00
90;090 - BROUSTIN;BROUSTIN - AV DE JETTE/ JETSELAAN 73 - 81;50.867448, 4.326807;False;False;OPEN;Bruxelles-Capitale;17;7;10;2018-04-29T14:41:14+02:00
249;249 - SAINT-JOB/SINT-JOB;SAINT-JOB/SINT JOB - PLACE SAINT JOB/SINT-JOB PLEIN;50.794186, 4.366336;True;False;OPEN;Bruxelles-Capitale;25;17;7;2018-04-29T14:41:22+02:00
332;332 - VERGOTE;VERGOTE - BD BRAND WHITLOK;50.845229, 4.404311;True;False;OPEN;Bruxelles-Capitale;24;19;4;2018-04-29T14:41:08+02:00
163;163 - CHAZAL/CHAZAL;CHAZAL - AVENUE ERNEST CAMBIER (FACE 7)/ ERNEST CAMBIERLAAN (TEGENOVER 7);50.859112, 4.39157;True;False;OPEN;Bruxelles-Capitale;25;12;12;2018-04-29T14:41:04+02:00
127;127 - GRAY/GRAY (DÉMONTÉE POUR TRAVAUX);DÉMONTÉE POUR TRAVAUX - GRAY  -  RUE DES DEUX PONTS (FACE 4)/ TWEEBRUGGENSTRAAT (TEGENOVER 4);50.832194, 4.377694;True;False;CLOSED;Bruxelles-Capitale;20;0;0;2018-03-07T23:27:44+01:00
64;064 - VETERINAIRES / VEEARTSEN;VETERINAIRES/VEEARTSEN - RUE DE FRANCE / FRANKRIJKSTRAAT;50.832749, 4.331058;True;False;OPEN;Bruxelles-Capitale;25;11;14;2018-04-27T13:16:19+02:00
74;074 - PLACE LOIX/LOIXPLEIN;PLACE LOIX/LOIXPLEIN - RUE BERCKMANS/ BERCKMANSSTRAAT 78 - 84;50.831936, 4.353037;True;False;OPEN;Bruxelles-Capitale;24;12;11;2018-04-29T14:31:25+02:00
209;209 - VEEWEYDE / VEEWEIDE;VEEWEYDE / VEEWEIDE - BD THEO LAMBERT (FACE 5 a 9) / THEO LAMBERTLAAN (TEGENOVER ( tot 9);50.828602, 4.299621;True;False;OPEN;Bruxelles-Capitale;25;8;16;2018-04-29T14:32:00+02:00
194;194 - STUYVENBERG;AVENUE HOUBA DE STROOPER LAAN 30-32;50.885885, 4.342003;True;False;OPEN;Bruxelles-Capitale;25;8;17;2018-04-29T14:32:28+02:00
324;324 - THOMAS BALIS;THOMAS BALIS - CHEE DE WAVRE 1395 à 1403 / WAVERSESTEENWEG 1395 TOT 1403;50.819641, 4.412926;True;False;OPEN;Bruxelles-Capitale;25;14;11;2018-04-29T14:36:03+02:00
241;241 - STATUAIRES/BEELDHOUWWERK;STATUAIRES/BEELDHOUWWERK - AVENUE DE FRE/DE FRELAAN 62;50.803917, 4.349116;True;False;OPEN;Bruxelles-Capitale;25;10;15;2018-04-29T14:36:17+02:00
81;081 - PONT BOCKSTAEL/BRUG BOCKSTAEL;PONT BOCKSTAEL/BRUG BOCKSTAEL - BLD EMILE BOCKSTAEL/EMILE BOCKSTAELLAAN 5;50.870259, 4.343195;True;False;OPEN;Bruxelles-Capitale;25;1;24;2018-04-29T14:36:21+02:00
268;268 - DUNANT;DUNANT - AV HENRI DUNANT / HENRI DUNANTLAAN;50.862808, 4.410791;False;False;OPEN;Bruxelles-Capitale;20;2;17;2018-04-29T14:36:29+02:00
205;205 - DE LINDE;DE LINDE - PLACE DE LINDE 22 / DE LINDEPLEIN 22;50.835503, 4.299573;True;False;OPEN;Bruxelles-Capitale;25;13;11;2018-04-29T14:36:13+02:00
319;319 - ANCIENNE BARRIERE/OUDE AFSPANNING;ANCIENNE BARRIERE / OUDE AFSPANNINGSPLEIN - PLACE DE L'ANCIENNE BARRIERE FACE 10;50.885197, 4.317648;True;False;OPEN;Bruxelles-Capitale;20;14;6;2018-04-29T14:36:07+02:00
221;221 - CURIE;CURIE - SQUARE MARIE CURIE (FACE 30) / MARIE CURIE SQUARE (TEGENOVER 30);50.821846, 4.284394;False;False;OPEN;Bruxelles-Capitale;25;4;20;2018-04-29T14:33:54+02:00
293;293 - KEYM;KEYM - AVENUE DU COLVERT;50.810528, 4.40231;True;False;OPEN;Bruxelles-Capitale;25;0;25;2018-04-29T14:33:43+02:00
313;313 - DEMEY;DEMEY - INTERSECTION BD INVALIDENLAAN / AV LOUIS DEHOUXLAAN;50.814958, 4.416987;False;False;OPEN;Bruxelles-Capitale;25;21;4;2018-04-29T14:34:09+02:00
128;128 - MUSEE DU TRAM;MUSEE DU TRAM - AVENUE DE TERVUREN / TERVURENLAAN;50.832355, 4.432358;False;False;OPEN;Bruxelles-Capitale;25;17;8;2018-04-29T14:33:49+02:00
4;004 - JARDIN AUX FLEURS / BLOEMENHOF;JARDIN AUX FLEURS/BLOEMENHOF - PLACE DU JARDIN AUX FLEURS/BLOEMENHOFPLEIN - RUE DES 6 JETONS/ZES PENNIGENSTRAAT 71;50.847976, 4.343696;True;False;OPEN;Bruxelles-Capitale;20;0;20;2018-04-29T14:34:22+02:00
304;304 - ARAUCARIA;ARAUCARIA - AV DES CROIX DE FEU DEV 221C;50.893497, 4.363297;False;False;OPEN;Bruxelles-Capitale;25;11;14;2018-04-29T14:34:29+02:00
343;343 - VANDENDRIESCH;VANDENDRIESCH - RUE J-B VANDENDRIESCH 22-24;50.861788, 4.292913;False;False;OPEN;Bruxelles-Capitale;20;15;5;2018-04-29T14:34:27+02:00
303;303 - VIEUX TILLEUL;VIEUX TILLEUL - AV DU BOIS DE LA CAMBRE FACE 113;50.807903, 4.392756;True;False;OPEN;Bruxelles-Capitale;25;6;19;2018-04-29T14:33:51+02:00
32;032 - DANSAERT;DANSAERT - RUE ANTOINE DANSAERT/ANTOINE DANSAERTSTRAAT 60-62-64;50.850176, 4.346384;True;False;OPEN;Bruxelles-Capitale;35;2;33;2018-04-29T14:33:36+02:00
296;296 - GARE DE BOITSFORT;GARE DE BOITSFORT / BOSVOORDE STATION - CHEE DE LA HULPE DVT 187 / HULPSESTEENWEG 187;50.79528, 4.40832;True;False;OPEN;Bruxelles-Capitale;25;16;8;2018-04-29T14:34:11+02:00
157;157 - HELIOTROPES/HELIOTROPEN;HELIOTROPES/HELIOTROPEN - BOULEVARD LAMBERMONT /  LAMBERMONTLAAN 374;50.863388, 4.386222;True;False;OPEN;Bruxelles-Capitale;24;20;4;2018-04-29T14:34:10+02:00
280;280 - HEYSEL / HEISEL;HEYSEL / HEISEL - AVENUE DE L'IMPERATRICE CHARLOTTE / KEIZERIN CHARLOTTELAAN;50.897522, 4.334831;True;False;OPEN;Bruxelles-Capitale;25;19;6;2018-04-29T14:35:14+02:00
53;053 - GARE DU MIDI / ZUIDSTATION;GARE DU MIDI / ZUIDSTATION - PLACE VICTOR HORTA / VICTOR HORTAPLEIN;50.837499, 4.335947;True;False;OPEN;Bruxelles-Capitale;40;16;23;2018-04-29T14:34:36+02:00
290;290 - GARE DE CALEVOET / KALEVOET STATION;GARE DE CALEVOET / KALEVOET STATION - CHEE D'ALSEMBERG / ALSEMBERGSESTEENWEG 1006;50.79158, 4.332669;True;False;OPEN;Bruxelles-Capitale;24;13;11;2018-04-29T14:34:58+02:00
323;323 - CARENE;CARENE - AV LEON GROSJEAN 79;50.855186, 4.415246;False;False;OPEN;Bruxelles-Capitale;20;18;2;2018-04-29T14:35:24+02:00
56;056 - ARCHIMEDE / ARCHIMEDES;ARCHIMEDE / ARCHIMEDES - RUE ARCHIMEDE/ARCHIMEDESSTRAAT 58-64;50.845817, 4.383722;True;False;OPEN;Bruxelles-Capitale;25;18;6;2018-04-29T14:34:48+02:00
201;201 - PETERBOS;PETERBOS - BD MARIA GROENINCKX DE MAY (FACE 26) / MARIA GROENINCKX DE MAYLAAN (TEGENOVER 26);50.842667, 4.295939;True;True;OPEN;Bruxelles-Capitale;25;18;7;2018-04-29T14:35:12+02:00
149;149 - JULES LEBRUN;JULES LEBRUN - CHAUSSEE DE LOUVAIN (FACE 593) / LEUVENSE STEENWEG (TEGENOVER 593);50.856208, 4.403386;True;False;OPEN;Bruxelles-Capitale;25;5;20;2018-04-29T14:35:23+02:00
196;196 - PRINCE DE LIEGE / PRINS VAN LUIK;PRINCE DE LIEGE / PRINS VAN LUIK - CHEE DE NINOVE (FACE 629) / NINOOFSESTEENWEG (TEGENOVER 629);50.846874, 4.29817;True;True;OPEN;Bruxelles-Capitale;25;20;5;2018-04-29T14:35:22+02:00
43;043 - JOSEPH II / JOZEF II;JOSEPH II/JOZEF II - RUE JOSEPH II/JOZEF II-STRAAT;50.845256, 4.374501;True;False;OPEN;Bruxelles-Capitale;25;22;3;2018-04-29T14:34:40+02:00
108;108 - FLAGEY;FLAGEY - PLACE FLAGEY (FACE 11)/EUGENE FLAGEYPLEIN (TEGENOVER 11);50.828012, 4.371756;True;False;OPEN;Bruxelles-Capitale;35;16;18;2018-04-29T14:34:46+02:00
286;286 - BENS;BENS - CHEE D'ALSEMBERG DEVANT LE 548 / ALSEMBERSESTEENWEG VOOR 548;50.80814, 4.336901;True;False;OPEN;Bruxelles-Capitale;20;15;5;2018-04-29T14:33:23+02:00
130;130 - ROND POINT DU SOUVERAIN;ROND POINT DU SOUVERAIN - BOULEVARD DU SOUVERAIN FACE / VORSTLAAN VOOR 207;50.820244, 4.430081;True;False;OPEN;Bruxelles-Capitale;23;14;8;2018-04-29T14:33:21+02:00
325;325 - HANKAR;HANKAR - CHEE DE WAVRE / WAVERSESTEENWEG 1208;50.821735, 4.405622;True;True;OPEN;Bruxelles-Capitale;25;20;5;2018-04-29T14:32:43+02:00
106;106 - GERMOIR/MOUTERIJ;GERMOIR/MOUTERIJ - AVENUE DE LA COURONNE/KROONLAAN 92-94-96;50.830012, 4.378625;True;True;OPEN;Bruxelles-Capitale;25;18;7;2018-04-29T14:32:57+02:00
65;065 - PARVIS DE ST GILLES;PARVIS DE ST GILLES/ST-GILLISVOORPLEIN - CHAUSSEE DE WATERLOO/ WATERLOOSESTEENWEG 65-69;50.829985, 4.344557;True;False;OPEN;Bruxelles-Capitale;25;14;11;2018-04-29T14:33:09+02:00
231;231 - KERSBEEK;KERSBEEK - AV KERSBEEK 107 / KERSBEEKLAAN 107;50.805801, 4.3194;True;False;OPEN;Bruxelles-Capitale;19;12;7;2018-04-29T14:33:24+02:00
250;250 - SAINTE-ELISABETH;SAINTE-ELISABETH - AV DE FRE CROISEMENT CH DE WATERLOO / DEFRELAAN - WATERLOOSESTEENWEG;50.80534, 4.372123;True;False;OPEN;Bruxelles-Capitale;25;12;10;2018-04-29T14:32:56+02:00
342;342 - MAISON COMMUNALE DE BERCHEM ST AGHATE;MAISON COMMUNALE DE BERCHEM ST AGHATE - AVENUE DU ROI ALBERT DVT 38;50.864761, 4.294429;True;False;OPEN;Bruxelles-Capitale;20;6;14;2018-04-29T14:32:09+02:00
168;168 - HOPITAL FRANÇAIS/FRANS HOSPITAAL;HOPITAL FRANÇAIS/FRANS HOSPITAAL - AVENUE JOS GOFFINLAAN 133-135;50.866379, 4.303281;True;False;OPEN;Bruxelles-Capitale;25;15;10;2018-04-29T14:31:46+02:00
13;013 - LEMONNIER;LEMONNIER - BLD. MAURICE LEMONNIER/DE MAURICE LEMONNIERLAAN 202-204-206;50.840184, 4.341324;True;False;OPEN;Bruxelles-Capitale;25;2;23;2018-04-29T14:32:17+02:00
7;007 - PARC / PARK;PARC/PARK - RUE ROYALE  (FACE N°66-68)/KONINGSSTRAAT (TEGENOVER N°66-68);50.846319, 4.362244;True;True;OPEN;Bruxelles-Capitale;25;11;14;2018-04-29T14:32:27+02:00
272;272 - SCHEUTBOS;SCHEUTBOS - BD METTEWIE/LAAN FACE/VOOR 419;50.850845, 4.299659;False;False;OPEN;Bruxelles-Capitale;25;21;4;2018-04-29T14:31:37+02:00
41;041 - SAINT-ROCH/SINT-ROCHUS;SAINT ROCH/SINT-ROCHUS - CHAUSSEE D'ANVERS/ANTWERPSELAAN 37;50.859302, 4.35485;False;False;OPEN;Bruxelles-Capitale;24;13;11;2018-04-29T14:32:19+02:00
57;057 - MADOU/MADOU;MADOU - RUE SCAILQUIN/SCAILQUINSTRAAT;50.849761, 4.369356;True;True;OPEN;Bruxelles-Capitale;23;17;6;2018-04-29T14:31:34+02:00
46;046 - ALBERTINE / ALBERTINA;ALBERTINE/ALBERTINA - BLD DE L'EMPEREUR/KEIZERSLAAN face/tegenover 2;50.843556, 4.355006;True;False;OPEN;Bruxelles-Capitale;24;18;5;2018-04-29T14:37:08+02:00
49;049 - WILLEBROEK;WILLEBROECK/WILLEBROEK - QUAI DE WILLEBROECK/WILLEBROEKKAAI 22 BIS;50.8615, 4.351143;False;False;OPEN;Bruxelles-Capitale;25;3;22;2018-04-29T14:37:33+02:00
171;171 - PISCINE LOUIS NAMECHE ZWEMBAD;PISCINE LOUIS NAMECHE ZWEMBAD - RUE CHARLES MALISSTRAAT / PARKING PISCINE / ZWEMBAD PARKING;50.854789, 4.312201;True;False;OPEN;Bruxelles-Capitale;25;15;10;2018-04-29T14:37:16+02:00
3;003 - PORTE DE FLANDRE / VLAAMSEPOORT;PORTE DE FLANDRE/VLAAMSEPOORT - BLD DE NIEUPORT/NIEUWPOORTLAAN 1;50.853203, 4.341823;True;False;OPEN;Bruxelles-Capitale;21;0;20;2018-04-29T14:36:51+02:00
114;114 - SAISONS/JAARGETIJDEN;SAISONS/JAARGETIJDEN  -  AVENUE DES SAISONS 2 / JAARGETIJDENLAAN 2;50.820391, 4.385358;True;False;OPEN;Bruxelles-Capitale;25;25;0;2018-04-29T14:37:03+02:00
314;314 - HERRMANN DEBROUX;HERRMANN DEBROUX - AV HERRMANN DEBROUXLAAN;50.812325, 4.427962;False;False;OPEN;Bruxelles-Capitale;30;2;27;2018-04-29T14:37:26+02:00
307;307 - KAREL BOGAERT;KAREL BOGAERT - BD EMILE BOCKSTAEL / EMILE BOCKSTAELLAAN 307;50.881889, 4.347448;True;False;OPEN;Bruxelles-Capitale;20;2;18;2018-04-29T14:38:21+02:00
289;289 - SQUARE GEORGES MARLOWSQUARE;SQUARE GEORGES MARLOWSQUARE - SQUARE MARLOW FACE 3-4-5 / MARLOWSQUARE VOOR 3-4-5;50.801594, 4.340061;True;False;OPEN;Bruxelles-Capitale;25;3;21;2018-04-29T14:37:57+02:00
75;075 - GENERAL BARON/GENERAAL BARON;GENERAL BARON/GENERAAL BARON - AV DU PARC / PARKLAAN 51 - 55;50.825888, 4.340388;False;False;OPEN;Bruxelles-Capitale;25;12;13;2018-04-29T14:38:28+02:00
115;115 - PETITE SUISSE/KLEIN ZWITSERLAND;PETITE SUISSE / KLEIN ZWITSERLAND - PLACE DE LA PETITE SUISSE (FACE 16-18) / KLEIN ZWITSERLANDPLEIN (TEGENOVER 16 - 18);50.817775, 4.384971;True;False;OPEN;Bruxelles-Capitale;24;22;2;2018-04-29T14:37:34+02:00
158;158 - VAN YSENDIJCK;VAN YSENDIJCK - AVENUE VOLTAIRE (FACE 6) / VOLTAIRELAAN (TEGENOVER 6);50.867955, 4.379577;False;False;OPEN;Bruxelles-Capitale;24;13;11;2018-04-29T14:38:10+02:00
94;094 - DUCHESSE DE BRABANT/HERTOGIN VAN BRABANT;DUCHESSE DE BRABANT/HERTOGIN VAN BRABANT - RUE DE BIRMINGHAM / BIRMINGHAMSTRAAT;50.849215, 4.329184;False;False;OPEN;Bruxelles-Capitale;20;12;7;2018-04-29T14:38:31+02:00
54;054 - TOUR ET TAXIS/THURN &TAXIS(FERMÉE - TRAVAUX);FERMÉE - AGRANDISSEMENT STATION - TOUR ET TAXIS/THURN &TAXIS - RUE PICARD/ PICARDSTRAAT 3;50.863445, 4.34635;True;False;CLOSED;Bruxelles-Capitale;25;0;0;2018-04-29T14:37:44+02:00
70;070 - AURORE/DAGERAAD;AURORE/DAGERAAD - AVENUE LOUISE/LOUIZALAAN 440;50.818113, 4.371446;True;True;OPEN;Bruxelles-Capitale;25;16;9;2018-04-29T14:38:41+02:00
45;045 - STEPHANIE/STEFANIA;STEPHANIE/STEFANIA - AV LOUISE/LOUIZALAAN 61A-63-65;50.83308, 4.35743;True;False;OPEN;Bruxelles-Capitale;25;23;2;2018-04-29T14:39:07+02:00
136;136 - PAVILLON/PAVILJOEN;PAVILLON/PAVILJOEN - PLACE PAVILLON /PAVILJOENPLAATS 92-94-96;50.869809, 4.371808;True;False;OPEN;Bruxelles-Capitale;24;14;10;2018-04-29T14:39:00+02:00
285;285 - COGHEN;COGHEN - AV COGHEN 1 A 5 / COGHENSTRAAT 1 TOT 5;50.813469, 4.338951;True;False;OPEN;Bruxelles-Capitale;25;15;6;2018-04-29T14:38:52+02:00
104;104 - FERNAND COCQ;FERNAND COCQ - PLACE FERNAND COCQ (FACE AU 19-23) / FERNAND COCQPLEIN (TEGENOVER 19 - 23) (FERMÉE);50.833304, 4.366611;True;True;OPEN;Bruxelles-Capitale;40;22;18;2018-04-29T14:39:09+02:00
270;270 - DE PADUWA;DE PADUWA - AVENUE DES ANCIENS COMBATTANTS / OUD-STRIJDERSLAAN 1;50.859127, 4.414406;True;False;OPEN;Bruxelles-Capitale;25;0;25;2018-04-29T14:39:45+02:00
267;267 - GENEVE;GENEVE - RUE DE GENEVE /  GENEVESTRAT 12;50.86171, 4.403147;True;False;OPEN;Bruxelles-Capitale;25;13;12;2018-04-29T14:40:02+02:00
348;348 - HANSEN-SOULIE;HANSEN-SOULIE - AVENUE HANSEN-SOULIE 42;50.831078, 4.398546;True;False;OPEN;Bruxelles-Capitale;24;13;11;2018-04-29T14:40:23+02:00
144;144 - SAINTE-MARIE/SINTE-MARIA;SAINTE MARIE/SINTE-MARIA - RUE ROYALE/ KONINGSSTRAAT 257 - 259;50.85778, 4.368144;False;False;OPEN;Bruxelles-Capitale;25;13;12;2018-04-29T14:39:58+02:00
229;229 - ZAMAN FOREST NATIONAL/ZAMAN VORST NATIONAAL;ZAMAN FOREST NATIONAL/ZAMAN VORST NATIONAAL - AV VAN VOLXEM 2 / VAN VOLXEMLAAN 2;50.813587, 4.324681;True;False;OPEN;Bruxelles-Capitale;18;13;5;2018-04-29T14:39:52+02:00
312;312 - CENTRE CULTUREL / CULTUREEL CENTRUM;CENTRE CULTUREL / CULTUREEL CENTRUM - BD DU SOUVERAIN FACE 282 / VORSTLAAN VOOR 282;50.816948, 4.426551;True;False;OPEN;Bruxelles-Capitale;25;6;14;2018-04-29T14:39:45+02:00
340;340 - TOMBERG;AVENUE PAUL HYMANSLAAN;50.843617, 4.425324;True;False;OPEN;Bruxelles-Capitale;24;13;11;2018-04-29T14:40:06+02:00
63;063 - JULES CESAR;JULES CESAR - AVENUE DE TERVUREN DEVANT / TERVURENLAAN VOOR 278;50.834705, 4.421643;True;True;OPEN;Bruxelles-Capitale;20;9;11;2018-04-29T14:41:07+02:00
292;292 - RITTWEGER (FERMÉE - TRAVAUX DE VOIRIE);FERMÉE - TRAVAUX DE VOIRIE - RITTWEGER - RUE RITTWEGER 6-8 / RITTWEGERSTRAAT 6-8;50.797739, 4.336083;False;False;CLOSED;Bruxelles-Capitale;20;0;1;2018-04-29T14:41:30+02:00
156;156 - JAMBLINE DE MEUX/JAMBLINNE DE MEUX;JAMBLINE DE MEUX - PLACE JAMBLINNE DE MEUX / JAMBLINNE DE MEUXPLEIN 43 - 44 - 45;50.847158, 4.393255;True;True;OPEN;Bruxelles-Capitale;25;12;13;2018-04-29T14:40:45+02:00
284;284 - CLAESSENS;CLAESSENS - RUE CLAESSENS FACE 7 / CLAESSENSSTRAAT VOOR 7;50.873085, 4.35859;False;False;OPEN;Bruxelles-Capitale;25;5;20;2018-04-29T14:40:42+02:00
51;051 - MIDI FONSNY/ZUID FONSNY;MIDI FONSNY/ZUID FONSNY - RUE D'ANGLETERRE / ENGELANDSTRAAT;50.835699, 4.338826;True;False;OPEN;Bruxelles-Capitale;25;2;22;2018-04-29T14:41:00+02:00
309;309 - SQUARE DU CENTENAIRE (FERMÉE - TRAVAUX);FERMÉE - TRAVAUX DE VOIRIE - SQUARE DU CENTENAIRE / EEUWFEESTSQUARE- SQUARE DU CENTENAIRE;50.87521, 4.317954;True;False;CLOSED;Bruxelles-Capitale;25;0;0;2018-03-07T23:27:44+01:00
175;175 - BEEKANT;BEEKANT - BOULEVARD EDMOND MACHTENS / EDMOND MACHTENSLAAN;50.854166, 4.322948;True;False;OPEN;Bruxelles-Capitale;25;17;6;2018-04-27T23:49:01+02:00
50;050 - RIBAUCOURT;RIBAUCOURT - BLD LEOPOLD II / LEOPOLD II-LAAN 121-123;50.860862, 4.339182;False;False;OPEN;Bruxelles-Capitale;25;2;23;2018-04-29T14:31:33+02:00
347;347 - ERASME;ERASME - ROUTE DE LENNIK N°808;50.81482, 4.26534;False;False;OPEN;Bruxelles-Capitale;25;13;12;2018-04-29T14:31:29+02:00
164;164 - KENNIS;KENNIS - BOULEVARD LAMBERMONT (20 M APRES 284)/LAMBERMONTLAAN   (20 M NA N° 284);50.867643, 4.385817;True;False;OPEN;Bruxelles-Capitale;25;9;16;2018-04-29T14:32:51+02:00
206;206 - SAINT-GUIDON / SINT GUIDO;SAINT GUIDON / SINT GUIDO - AV PAUL JANSON (FACE AU 34-28) / PAUL JANSONLAAN (TEGENOVER 34-28);50.834755, 4.305962;False;False;OPEN;Bruxelles-Capitale;25;1;24;2018-04-29T14:33:25+02:00
14;014 - PORTE DE NAMUR / NAAMSEPOORT;PORTE DE NAMUR/NAAMSEPOORT - BLD DU REGENT /REGENTLAAN 1;50.839024, 4.362168;True;True;OPEN;Bruxelles-Capitale;23;13;9;2018-04-29T14:32:39+02:00
190;190 - TERDELT;TERDELT - PLACE TERDELT / TERDELTPLEIN;50.867904, 4.390696;False;False;OPEN;Bruxelles-Capitale;22;4;18;2018-04-29T14:31:42+02:00
210;210 - MARIUS RENARD;MARIUS RENARD - AV CHARLES DE TOLLENAERE (FACE 60) - CHARLES DE TOLLENAERELAAN (TEGENOVER 60);50.827873, 4.288707;False;False;OPEN;Bruxelles-Capitale;25;10;15;2018-04-29T14:32:23+02:00
287;287 - FLOREAL;FLOREAL - AV BRUGMANN 359 / BRUGMANNLAAN 359;50.809334, 4.345243;True;False;OPEN;Bruxelles-Capitale;23;4;19;2018-04-29T14:31:38+02:00
118;118 - SCHWEITZER;SCHWEITZER - PLACE DOCTEUR SCHWEITZER;50.864622, 4.297878;True;False;OPEN;Bruxelles-Capitale;25;19;6;2018-04-29T14:31:36+02:00
140;140 - AZALEES/AZALEA;AZALEES / AZALEA -   AVENUE PAUL DESCHANEL/LAAN FACE/TEGENOVER N°  6-8;50.862704, 4.381289;False;False;OPEN;Bruxelles-Capitale;25;9;16;2018-04-29T14:31:57+02:00
87;087 - MIROIR/SPIEGEL;MIROIR/SPIEGEL - AVENUE DE LAEKEN (FACE 36) / LAKENSE LAAN (TEGENOVER 36);50.871391, 4.323914;True;False;OPEN;Bruxelles-Capitale;25;15;10;2018-04-29T14:31:49+02:00
315;315 - SACRE COEUR AUDERGHEM/HEILIGE HART OUDERGHEM;SACRE COEUR AUDERGHEM / HEILIGE HART OUDERGHEM - SQUARE DU SACREE CŒUR / HEILIG-HARTSQUARE;50.810322, 4.435789;True;False;OPEN;Bruxelles-Capitale;20;10;5;2018-04-29T14:36:17+02:00
322;322 - PARC DU ROI BAUDOUIN / BOUDEWIJNPARK;PARC DU ROI BAUDOUIN / BOUDEWIJNPARK - RUE JEAN BAPTISTE MOYENSSTRAAT 400;50.889523, 4.315953;True;False;OPEN;Bruxelles-Capitale;20;12;8;2018-04-29T14:36:06+02:00
44;044 - CHARLEMAGNE / KAREL DE GROTE;CHARLEMAGNE/KAREL DE GROTE - RUE DE LA SCIENCE/WETENSCHAPSSTRAAT 11;50.841707, 4.370986;False;False;OPEN;Bruxelles-Capitale;25;24;1;2018-04-29T14:35:52+02:00
82;082 - PANNENHUIS;PANNENHUIS - RUE CHARLES DEMEER/CHARLES DEMEERSTRAAT  71;50.873012, 4.341687;True;False;OPEN;Bruxelles-Capitale;20;15;5;2018-04-29T14:35:06+02:00
202;202 - AUMALE;AUMALE - RUE D'AUMALE / AUMALESTRAAT 339-341;50.839554, 4.312311;True;False;OPEN;Bruxelles-Capitale;25;15;10;2018-04-29T14:35:04+02:00
212;212 - THEO LAMBERT;THEO LAMBERT - BD THEO LAMBERT (FACE 60) / THEO LAMBERT LAAN (TEGENOVER 60);50.827106, 4.2925;True;False;OPEN;Bruxelles-Capitale;25;13;12;2018-04-29T14:34:35+02:00
123;123 - BASCULE;BASCULE -  CHAUSSEE DE VLEURGAT (DEVANT 215 - 217) / VLEURGATSESTEENWEG  (N° 215 - 217);50.817507, 4.366498;True;True;OPEN;Bruxelles-Capitale;25;15;10;2018-04-29T14:34:46+02:00
351;351 - ULB;ULB - AV BUYL CROISEMENT AV DE L'UNIVERSITE (DEVANT L'ULB);50.813724, 4.384205;True;True;OPEN;Bruxelles-Capitale;25;17;8;2018-04-29T14:34:59+02:00
195;195 - WESTLAND SHOPPING;WESTLAND SHOPPING - BD SYLVAIN DUPUIS 265 / SYLVAIN DUPUIS LAAN 265;50.8377, 4.288726;True;False;OPEN;Bruxelles-Capitale;25;17;7;2018-04-29T14:35:15+02:00
338;338 - UCL;UCL - AVENUE E.MOUNIER,40;50.851073, 4.452706;True;False;OPEN;Bruxelles-Capitale;26;7;19;2018-04-29T14:33:37+02:00
217;217 - BIZET;BIZET - PLACE BIZET (face 11 a 19) / BIZETPLEIN (TEGENOVER 11 tot 19);50.824913, 4.297248;True;False;OPEN;Bruxelles-Capitale;23;4;19;2018-04-29T14:34:02+02:00
170;170 - RIGA;RIGA - SQUARE FRANCOIS RIGA / FRANCOIS RIGASQUARE;50.87453, 4.385378;True;False;OPEN;Bruxelles-Capitale;20;10;10;2018-04-29T14:34:22+02:00
187;187 - ARSENAL/ARSENAAL;ARSENAL/ARSENAAL - BOULEVARD LOUIS SCHMIDT/ LOUIS SCHMIDTLAAN 2;50.826603, 4.397117;True;False;OPEN;Bruxelles-Capitale;25;19;6;2018-04-29T14:34:00+02:00
232;232 - DOMAINE / DOMEIN;DOMAINE / DOMEIN - AV DU DOMAINE (FACE 150) / DOMEINELAAN (VOOR 150);50.810875, 4.329158;True;False;OPEN;Bruxelles-Capitale;25;14;11;2018-04-29T14:33:55+02:00
142;142 - BIENFAITEURS/WELDOENERS;BIENFAITEURS/WELDOENERS - AVENUE ROGIER / ROGIERLAAN 269/271;50.857319, 4.386724;True;False;OPEN;Bruxelles-Capitale;24;10;14;2018-04-29T14:33:48+02:00
248;248 - PRINCE DE LIGNE / PRINCE LIJN;PRINCE DE LIGNE / PRINCE LIJN - CHEE DE WATERLOO FACE 1170 / WATERLOOSESTEENWEG VOOR 1170;50.795704, 4.373631;True;False;OPEN;Bruxelles-Capitale;22;14;8;2018-04-29T14:34:17+02:00
192;192 - AUBERGE DE JEUNESSE;AUBERGE DE JEUNESSE - RUE DELAUNOY/STRAAT ,67;50.851562, 4.332924;False;False;OPEN;Bruxelles-Capitale;25;4;21;2018-04-29T14:33:50+02:00
300;300 - GARE DE BOONDAELSTATION;GARE DE BOONDAELSTATION - AV DE LA FORET 23 / VORSTLAAN 23;50.801434, 4.392831;True;False;OPEN;Bruxelles-Capitale;25;16;9;2018-04-29T14:34:25+02:00
112;112 - PAGE/EDELKNAAP;PAGE-EDELKNAAP  -  CHAUSSEE DE WATERLOO/  WATERLOOSE STEENWEG 440 - 442;50.821567, 4.356508;True;True;OPEN;Bruxelles-Capitale;18;16;2;2018-04-29T14:36:32+02:00
283;283 - PISCINE / ZWEMBAD;PISCINE / ZWEMBAD - RUE DE LOMBARTZYDE / LOMBARDSIJDESTRAAT;50.893158, 4.376931;True;False;OPEN;Bruxelles-Capitale;14;6;8;2018-04-29T14:37:27+02:00
204;204 - DUPUIS;DUPUIS - BD SYLVAIN DUPUIS / SYLVAIN DUPUISLAAN 209-211-213;50.837326, 4.293932;True;False;OPEN;Bruxelles-Capitale;25;14;11;2018-04-29T14:36:59+02:00
208;208 - MELBA;MELBA - AV NELLIE MELBA (FACE 1 a 9) / NELLIE MELBALAAN (TEGENOVER 1 tot 9);50.832565, 4.294311;False;False;OPEN;Bruxelles-Capitale;25;13;9;2018-04-29T14:36:44+02:00
100;100 - GARE DE LUXEMBOURG/LUXEMBURGSTATION;GARE DE LUXEMBOURG/LUXEMBURGSTATION - RUE DE TREVES / TRIERSTRAAT;50.838411, 4.37302;True;True;OPEN;Bruxelles-Capitale;44;44;0;2018-04-29T14:38:08+02:00
37;037 - POELAERT / POELAERT;POELAERT - PLACE POELAERT/POELAERTPLEIN 3;50.83795, 4.353019;True;True;OPEN;Bruxelles-Capitale;25;17;8;2018-04-29T14:37:42+02:00
71;071 - LEGRAND;LEGRAND - AV LOUISE/LOUIZALAAN 525;50.815019, 4.371982;True;True;OPEN;Bruxelles-Capitale;22;17;5;2018-04-29T14:38:25+02:00
120;120 - BLYCKAERTS;BLYCKAERTS - PLACE RAYMOND BLYCKAERTS/RAYMOND BLYCKAERTSPLEIN;50.832872, 4.37483;True;True;OPEN;Bruxelles-Capitale;25;17;7;2018-04-29T14:37:37+02:00
331;331 - GEORGES HENRI;GEORGES HENRI - AV GEORGES HENRI;50.842319, 4.406295;False;False;OPEN;Bruxelles-Capitale;20;4;15;2018-04-29T14:38:31+02:00
185;185 - PERE DE DEKEN/PATER DE DEKEN;PERE DE DEKEN/PATER DE DEKEN - RUE PÈRE DE DEKEN/ PATER DE DEKENSTRAAT 40;50.835797, 4.401599;False;False;OPEN;Bruxelles-Capitale;25;22;3;2018-04-29T14:38:55+02:00
334;334 - MARCEL THIRY;MARCEL THIRY - AV MARCEL THIRY FACE 23;50.855593, 4.439625;True;False;OPEN;Bruxelles-Capitale;20;8;12;2018-04-29T14:38:53+02:00
214;214 - CAMPUS CERIA / CAMPUS VAN CERIA;CAMPUS CERIA / CAMPUS VAN CERIA - AV EMILE GRYSON (FACE 6 a 10) / EMILE GRYSONLAAN (TEGENOVER 6 tot 10);50.816002, 4.295121;False;True;OPEN;Bruxelles-Capitale;30;17;13;2018-04-29T14:38:38+02:00
101;101 - ZELLIK;ZELLIK - CHAUSSEE DE ZELLIK 4;50.869204, 4.291663;True;False;OPEN;Bruxelles-Capitale;25;20;5;2018-04-29T14:39:03+02:00
59;059 - PLACE ST-JOSSE/ST JOOSTPLEIN;PLACE ST-JOSSE/ST-JOOSTPLEIN  -  RUE WILLEMS (FACE 5 - 11) / WILLEMSSTRAAT (TEGENOVER 5 - 11);50.849681, 4.375312;True;False;OPEN;Bruxelles-Capitale;24;10;13;2018-04-29T14:39:16+02:00
17;017 - COMTE DE FLANDRE/GRAAF VAN VLAANDEREN;COMTE DE FLANDRE/GRAAF VAN VLAANDEREN - RUE SAINTE-MARIE / SINT-MARIASTRAAT;50.855358, 4.339465;True;False;OPEN;Bruxelles-Capitale;24;0;24;2018-04-29T14:39:20+02:00
242;242 - MAISON COMMUNALE D'UCCLE/UKKEL GEMEENTEHUIS;MAISON COMMUNALE D'UCCLE/UKKEL GEMEENTEHUIS - PLACE JEAN VANDER ELST / JEAN VANDER ELST PLEIN;50.803791, 4.333321;True;False;OPEN;Bruxelles-Capitale;25;8;17;2018-04-29T14:38:35+02:00
173;173 - BICHON;BICHON - PLACE BICHON / BICHONPLEIN;50.864656, 4.394448;True;False;OPEN;Bruxelles-Capitale;24;12;9;2018-04-29T14:39:38+02:00
165;165 - CIMETIERE DE JETTE / KERKHOF JETTE;CIMETIERE DE JETTE / KERKHOF JETTE - BLD DE SMET DE NAEYER (FACE AU 322)/ DE SMET DE NAEYERSTRAAT (TEGENOVER 322);50.879668, 4.33425;False;False;OPEN;Bruxelles-Capitale;23;1;22;2018-04-29T14:40:10+02:00
215;215 - CUREGHEM / KUREGEM;CUREGHEM / KUREGEM - AV RAYMOND VANDER BRUGGEN / VANDEN BRUGGENLAAN;50.836864, 4.317321;True;False;OPEN;Bruxelles-Capitale;25;17;8;2018-04-29T14:39:49+02:00
360;360 - STOCKEL/STOKKEL;STOCKEL/STOKKEL - AVENUE D'OPHEMLAAN, 1-3;50.84157, 4.46577;True;False;OPEN;Bruxelles-Capitale;25;8;17;2018-04-29T14:39:42+02:00
352;352 - ROUGE-CLOÎTRE / ROOD-KLOOSTER;ROUGE-CLOÎTRE - RUE DU ROUGE-CLOÎTRE (PARKING CENTRE D'ART) / ROOD-KLOOSTERSTRAAT (PARKING KUNSTENCENTRUM);50.814264, 4.443479;True;False;OPEN;Bruxelles-Capitale;23;12;11;2018-04-29T14:40:14+02:00
160;160 - ELISA;ELISA - PLACE PRINCESSE ELISABETH / PRINSES ELISABETHPLEIN 8 - 19;50.877501, 4.380315;True;False;OPEN;Bruxelles-Capitale;23;16;7;2018-04-29T14:40:29+02:00
132;132 - DEUX CHAUSSEES;DEUX CHAUSSEES - CHEE DE TERVURENLAAN FACE/TEGENOVER 93A;50.816338, 4.433895;True;False;OPEN;Bruxelles-Capitale;19;9;10;2018-04-29T14:41:06+02:00
222;222 - MERCKX;MERCKX - ROUTE DE LENNIK / LENNIKSEBAAN;50.817162, 4.280012;True;False;OPEN;Bruxelles-Capitale;25;6;18;2018-04-29T14:41:31+02:00
77;077 - PAUL JANSON;PAUL JANSON - CHAUSSEE DE CHARLEROI/ CHARLEROISESTEENWEG 159;50.827399, 4.355281;True;True;OPEN;Bruxelles-Capitale;25;12;13;2018-04-29T14:40:47+02:00
91;091 - BELGICA;BELGICA - PLACE WERRIE/ WERRIEPLEIN 24;50.867773, 4.335217;True;False;OPEN;Bruxelles-Capitale;25;14;11;2018-04-29T14:41:15+02:00
10;010 - CHAPELLE / KAPEL;CHAPELLE/KAPEL - PLACE DE LA CHAPELLE/KAPELLEPLEIN;50.841345, 4.351729;True;False;OPEN;Bruxelles-Capitale;20;10;9;2018-04-29T14:40:29+02:00
364;364 - DOCKS BRUXSEL;DOCKS BRUXSEL - AVENUE JULES VAN PRAETLAAN;50.880887, 4.374248;True;False;OPEN;Bruxelles-Capitale;20;8;12;2018-04-29T14:41:26+02:00
